client_id,session_id,datetime,category
2397727872,b7fcc1f6-686b-41c005,1/6/2020,otp-login
2397727873,b7fcc1f6-686b-41c006,1/6/2020,mobile-otp
2397727874,b7fcc1f6-686b-41c007,1/6/2020,default
2397727875,b7fcc1f6-686b-41c008,1/6/2020,pass-login
2397727876,b7fcc1f6-686b-41c009,1/6/2020,otp-login
2397727877,b7fcc1f6-686b-41c010,1/6/2020,mobile-otp
2397727878,b7fcc1f6-686b-41c011,1/6/2020,default
2397727879,b7fcc1f6-686b-41c012,1/6/2020,pass-login
2397727880,b7fcc1f6-686b-41c013,1/6/2020,otp-login
2397727881,b7fcc1f6-686b-41c014,1/6/2020,mobile-otp
2397727882,b7fcc1f6-686b-41c015,1/6/2020,default
2397727883,b7fcc1f6-686b-41c016,1/6/2020,pass-login
2397727884,b7fcc1f6-686b-41c017,1/6/2020,otp-login
2397727885,b7fcc1f6-686b-41c018,1/6/2020,mobile-otp
2397727886,b7fcc1f6-686b-41c019,1/6/2020,default
2397727887,b7fcc1f6-686b-41c020,1/6/2020,pass-login
2397727888,b7fcc1f6-686b-41c021,1/6/2020,otp-login
2397727889,b7fcc1f6-686b-41c022,1/6/2020,mobile-otp
2397727890,b7fcc1f6-686b-41c023,1/6/2020,default
2397727891,b7fcc1f6-686b-41c024,1/6/2020,pass-login
2397727892,b7fcc1f6-686b-41c025,1/6/2020,otp-login
2397727893,b7fcc1f6-686b-41c026,1/6/2020,mobile-otp
2397727894,b7fcc1f6-686b-41c027,1/6/2020,default
2397727895,b7fcc1f6-686b-41c028,1/6/2020,pass-login
2397727896,b7fcc1f6-686b-41c029,1/6/2020,otp-login
2397727897,b7fcc1f6-686b-41c030,1/6/2020,mobile-otp
2397727898,b7fcc1f6-686b-41c031,1/6/2020,default
2397727899,b7fcc1f6-686b-41c032,1/6/2020,pass-login
2397727900,b7fcc1f6-686b-41c033,1/6/2020,otp-login
2397727901,b7fcc1f6-686b-41c034,1/6/2020,mobile-otp
2397727902,b7fcc1f6-686b-41c035,1/6/2020,default
2397727903,b7fcc1f6-686b-41c036,1/6/2020,pass-login
2397727904,b7fcc1f6-686b-41c037,1/6/2020,otp-login
2397727905,b7fcc1f6-686b-41c038,1/6/2020,mobile-otp
2397727906,b7fcc1f6-686b-41c039,1/6/2020,default
2397727907,b7fcc1f6-686b-41c040,1/6/2020,pass-login
2397727908,b7fcc1f6-686b-41c041,1/6/2020,otp-login
2397727909,b7fcc1f6-686b-41c042,1/6/2020,mobile-otp
2397727910,b7fcc1f6-686b-41c043,1/6/2020,default
2397727911,b7fcc1f6-686b-41c044,1/6/2020,pass-login
2397727912,b7fcc1f6-686b-41c045,1/6/2020,otp-login
2397727913,b7fcc1f6-686b-41c046,1/6/2020,mobile-otp
2397727914,b7fcc1f6-686b-41c047,1/6/2020,default
2397727915,b7fcc1f6-686b-41c048,1/6/2020,pass-login
2397727916,b7fcc1f6-686b-41c049,1/6/2020,otp-login
2397727917,b7fcc1f6-686b-41c050,1/6/2020,mobile-otp
2397727918,b7fcc1f6-686b-41c051,1/6/2020,default
2397727919,b7fcc1f6-686b-41c052,1/6/2020,pass-login
2397727920,b7fcc1f6-686b-41c053,1/6/2020,otp-login
2397727921,b7fcc1f6-686b-41c054,1/6/2020,mobile-otp
2397727922,b7fcc1f6-686b-41c055,1/6/2020,default
2397727923,b7fcc1f6-686b-41c056,1/6/2020,pass-login
2397727924,b7fcc1f6-686b-41c057,1/6/2020,otp-login
2397727925,b7fcc1f6-686b-41c058,1/6/2020,mobile-otp
2397727926,b7fcc1f6-686b-41c059,1/6/2020,default
2397727927,b7fcc1f6-686b-41c060,1/6/2020,pass-login
2397727928,b7fcc1f6-686b-41c061,1/6/2020,otp-login
2397727929,b7fcc1f6-686b-41c062,1/6/2020,mobile-otp
2397727930,b7fcc1f6-686b-41c063,1/6/2020,default
2397727931,b7fcc1f6-686b-41c064,1/6/2020,pass-login
2397727932,b7fcc1f6-686b-41c065,1/6/2020,otp-login
2397727933,b7fcc1f6-686b-41c066,1/6/2020,mobile-otp
2397727934,b7fcc1f6-686b-41c067,1/6/2020,default
2397727935,b7fcc1f6-686b-41c068,1/6/2020,pass-login
2397727936,b7fcc1f6-686b-41c069,1/6/2020,otp-login
2397727937,b7fcc1f6-686b-41c070,1/6/2020,mobile-otp
2397727938,b7fcc1f6-686b-41c071,1/6/2020,default
2397727939,b7fcc1f6-686b-41c072,1/6/2020,pass-login
2397727940,b7fcc1f6-686b-41c073,1/6/2020,otp-login
2397727941,b7fcc1f6-686b-41c074,1/6/2020,mobile-otp
2397727942,b7fcc1f6-686b-41c075,1/6/2020,default
2397727943,b7fcc1f6-686b-41c076,1/6/2020,pass-login
2397727944,b7fcc1f6-686b-41c077,1/6/2020,otp-login
2397727945,b7fcc1f6-686b-41c078,1/6/2020,mobile-otp
2397727946,b7fcc1f6-686b-41c079,1/6/2020,default
2397727947,b7fcc1f6-686b-41c080,1/6/2020,pass-login
2397727948,b7fcc1f6-686b-41c081,1/6/2020,otp-login
2397727949,b7fcc1f6-686b-41c082,1/6/2020,mobile-otp
2397727950,b7fcc1f6-686b-41c083,1/6/2020,default
2397727951,b7fcc1f6-686b-41c084,1/6/2020,pass-login
2397727952,b7fcc1f6-686b-41c085,1/6/2020,otp-login
2397727953,b7fcc1f6-686b-41c086,1/6/2020,mobile-otp
2397727954,b7fcc1f6-686b-41c087,1/6/2020,default
2397727955,b7fcc1f6-686b-41c088,1/6/2020,pass-login
2397727956,b7fcc1f6-686b-41c089,1/6/2020,otp-login
2397727957,b7fcc1f6-686b-41c090,1/6/2020,mobile-otp
2397727958,b7fcc1f6-686b-41c091,1/6/2020,default
2397727959,b7fcc1f6-686b-41c092,1/6/2020,pass-login
2397727960,b7fcc1f6-686b-41c093,1/6/2020,otp-login
2397727961,b7fcc1f6-686b-41c094,1/6/2020,mobile-otp
2397727962,b7fcc1f6-686b-41c095,1/6/2020,default
2397727963,b7fcc1f6-686b-41c096,1/6/2020,pass-login
2397727964,b7fcc1f6-686b-41c097,1/6/2020,otp-login
2397727965,b7fcc1f6-686b-41c098,1/6/2020,mobile-otp
2397727966,b7fcc1f6-686b-41c099,1/6/2020,default
2397727967,b7fcc1f6-686b-41b100,1/6/2020,pass-login
2397727968,b7fcc1f6-686b-41b101,1/6/2020,otp-login
2397727969,b7fcc1f6-686b-41b102,1/6/2020,mobile-otp
2397727970,b7fcc1f6-686b-41b103,1/6/2020,default
2397727971,b7fcc1f6-686b-41b104,1/7/2020,pass-login
2397727972,b7fcc1f6-686b-41b105,1/7/2020,otp-login
2397727973,b7fcc1f6-686b-41b106,1/7/2020,mobile-otp
2397727974,b7fcc1f6-686b-41b107,1/7/2020,default
2397727975,b7fcc1f6-686b-41b108,1/7/2020,pass-login
2397727976,b7fcc1f6-686b-41b109,1/7/2020,otp-login
2397727977,b7fcc1f6-686b-41b110,1/7/2020,mobile-otp
2397727978,b7fcc1f6-686b-41b111,1/7/2020,default
2397727979,b7fcc1f6-686b-41b112,1/7/2020,pass-login
2397727980,b7fcc1f6-686b-41b113,1/7/2020,otp-login
2397727981,b7fcc1f6-686b-41b114,1/7/2020,mobile-otp
2397727982,b7fcc1f6-686b-41b115,1/7/2020,default
2397727983,b7fcc1f6-686b-41b116,1/7/2020,pass-login
2397727984,b7fcc1f6-686b-41b117,1/7/2020,otp-login
2397727985,b7fcc1f6-686b-41b118,1/7/2020,mobile-otp
2397727986,b7fcc1f6-686b-41b119,1/7/2020,default
2397727987,b7fcc1f6-686b-41b120,1/7/2020,pass-login
2397727988,b7fcc1f6-686b-41b121,1/7/2020,otp-login
2397727989,b7fcc1f6-686b-41b122,1/7/2020,mobile-otp
2397727990,b7fcc1f6-686b-41b123,1/7/2020,default
2397727991,b7fcc1f6-686b-41b124,1/7/2020,pass-login
2397727992,b7fcc1f6-686b-41b125,1/7/2020,otp-login
2397727993,b7fcc1f6-686b-41b126,1/7/2020,mobile-otp
2397727994,b7fcc1f6-686b-41b127,1/7/2020,default
2397727995,b7fcc1f6-686b-41b128,1/7/2020,pass-login
2397727996,b7fcc1f6-686b-41b129,1/7/2020,otp-login
2397727997,b7fcc1f6-686b-41b130,1/7/2020,mobile-otp
2397727998,b7fcc1f6-686b-41b131,1/7/2020,default
2397727999,b7fcc1f6-686b-41b132,1/7/2020,pass-login
2397728000,b7fcc1f6-686b-41b133,1/7/2020,otp-login
2397728001,b7fcc1f6-686b-41b134,1/7/2020,mobile-otp
2397728002,b7fcc1f6-686b-41b135,1/7/2020,default
2397728003,b7fcc1f6-686b-41b136,1/7/2020,pass-login
2397728004,b7fcc1f6-686b-41b137,1/7/2020,otp-login
2397728005,b7fcc1f6-686b-41b138,1/7/2020,mobile-otp
2397728006,b7fcc1f6-686b-41b139,1/7/2020,default
2397728007,b7fcc1f6-686b-41b140,1/7/2020,pass-login
2397728008,b7fcc1f6-686b-41b141,1/7/2020,otp-login
2397728009,b7fcc1f6-686b-41b142,1/7/2020,mobile-otp
2397728010,b7fcc1f6-686b-41b143,1/7/2020,default
2397728011,b7fcc1f6-686b-41b144,1/7/2020,pass-login
2397728012,b7fcc1f6-686b-41b145,1/7/2020,otp-login
2397728013,b7fcc1f6-686b-41b146,1/7/2020,mobile-otp
2397728014,b7fcc1f6-686b-41b147,1/7/2020,default
2397728015,b7fcc1f6-686b-41b148,1/7/2020,pass-login
2397728016,b7fcc1f6-686b-41b149,1/7/2020,otp-login
2397728017,b7fcc1f6-686b-41b150,1/7/2020,mobile-otp
2397728018,b7fcc1f6-686b-41b151,1/7/2020,default
2397728019,b7fcc1f6-686b-41b152,1/7/2020,pass-login
2397728020,b7fcc1f6-686b-41b153,1/7/2020,otp-login
2397728021,b7fcc1f6-686b-41b154,1/7/2020,mobile-otp
2397728022,b7fcc1f6-686b-41b155,1/7/2020,default
2397728023,b7fcc1f6-686b-41b156,1/7/2020,pass-login
2397728024,b7fcc1f6-686b-41b157,1/7/2020,otp-login
2397728025,b7fcc1f6-686b-41b158,1/7/2020,mobile-otp
2397728026,b7fcc1f6-686b-41b159,1/7/2020,default
2397728027,b7fcc1f6-686b-41b160,1/7/2020,pass-login
2397728028,b7fcc1f6-686b-41b161,1/7/2020,otp-login
2397728029,b7fcc1f6-686b-41b162,1/7/2020,mobile-otp
2397728030,b7fcc1f6-686b-41b163,1/7/2020,default
2397728031,b7fcc1f6-686b-41b164,1/7/2020,pass-login
2397728032,b7fcc1f6-686b-41b165,1/7/2020,otp-login
2397728033,b7fcc1f6-686b-41b166,1/7/2020,mobile-otp
2397728034,b7fcc1f6-686b-41b167,1/7/2020,default
2397728035,b7fcc1f6-686b-41b168,1/7/2020,pass-login
2397728036,b7fcc1f6-686b-41b169,1/7/2020,otp-login
2397728037,b7fcc1f6-686b-41b170,1/7/2020,mobile-otp
2397728038,b7fcc1f6-686b-41b171,1/7/2020,default
2397728039,b7fcc1f6-686b-41b172,1/7/2020,pass-login
2397728040,b7fcc1f6-686b-41b173,1/7/2020,otp-login
2397728041,b7fcc1f6-686b-41b174,1/8/2020,mobile-otp
2397728042,b7fcc1f6-686b-41b175,1/8/2020,default
2397728043,b7fcc1f6-686b-41b176,1/8/2020,pass-login
2397728044,b7fcc1f6-686b-41b177,1/8/2020,otp-login
2397728045,b7fcc1f6-686b-41b178,1/8/2020,mobile-otp
2397728046,b7fcc1f6-686b-41b179,1/8/2020,default
2397728047,b7fcc1f6-686b-41b180,1/8/2020,pass-login
2397728048,b7fcc1f6-686b-41b181,1/8/2020,otp-login
2397728049,b7fcc1f6-686b-41b182,1/8/2020,mobile-otp
2397728050,b7fcc1f6-686b-41b183,1/8/2020,default
2397728051,b7fcc1f6-686b-41b184,1/8/2020,pass-login
2397728052,b7fcc1f6-686b-41b185,1/8/2020,otp-login
2397728053,b7fcc1f6-686b-41b186,1/8/2020,mobile-otp
2397728054,b7fcc1f6-686b-41b187,1/8/2020,default
2397728055,b7fcc1f6-686b-41b188,1/8/2020,pass-login
2397728056,b7fcc1f6-686b-41b189,1/8/2020,otp-login
2397728057,b7fcc1f6-686b-41b190,1/8/2020,mobile-otp
2397728058,b7fcc1f6-686b-41b191,1/8/2020,default
2397728059,b7fcc1f6-686b-41b192,1/8/2020,pass-login
2397728060,b7fcc1f6-686b-41b193,1/8/2020,otp-login
2397728061,b7fcc1f6-686b-41b194,1/8/2020,mobile-otp
2397728062,b7fcc1f6-686b-41b195,1/8/2020,default
2397728063,b7fcc1f6-686b-41b196,1/8/2020,pass-login
2397728064,b7fcc1f6-686b-41b197,1/8/2020,otp-login
2397728065,b7fcc1f6-686b-41b198,1/8/2020,mobile-otp
2397728066,b7fcc1f6-686b-41b199,1/8/2020,default
2397728067,b7fcc1f6-686b-41b200,1/8/2020,pass-login
2397728068,b7fcc1f6-686b-41b201,1/8/2020,otp-login
2397728069,b7fcc1f6-686b-41b202,1/8/2020,mobile-otp
2397728070,b7fcc1f6-686b-41b203,1/8/2020,default
2397728071,b7fcc1f6-686b-41b204,1/8/2020,pass-login
2397728072,b7fcc1f6-686b-41b205,1/8/2020,otp-login
2397728073,b7fcc1f6-686b-41b206,1/8/2020,mobile-otp
2397728074,b7fcc1f6-686b-41b207,1/8/2020,default
2397728075,b7fcc1f6-686b-41b208,1/8/2020,pass-login
2397728076,b7fcc1f6-686b-41b209,1/8/2020,otp-login
2397728077,b7fcc1f6-686b-41b210,1/8/2020,mobile-otp
2397728078,b7fcc1f6-686b-41b211,1/8/2020,default
2397728079,b7fcc1f6-686b-41b212,1/8/2020,pass-login
2397728080,b7fcc1f6-686b-41b213,1/8/2020,otp-login
2397728081,b7fcc1f6-686b-41b214,1/8/2020,mobile-otp
2397728082,b7fcc1f6-686b-41b215,1/8/2020,default
2397728083,b7fcc1f6-686b-41b216,1/8/2020,pass-login
2397728084,b7fcc1f6-686b-41b217,1/8/2020,otp-login
2397728085,b7fcc1f6-686b-41b218,1/8/2020,mobile-otp
2397728086,b7fcc1f6-686b-41b219,1/8/2020,default
2397728087,b7fcc1f6-686b-41b220,1/8/2020,pass-login
2397728088,b7fcc1f6-686b-41b221,1/8/2020,otp-login
2397728089,b7fcc1f6-686b-41b222,1/8/2020,mobile-otp
2397728090,b7fcc1f6-686b-41b223,1/8/2020,default
2397728091,b7fcc1f6-686b-41b224,1/8/2020,pass-login
2397728092,b7fcc1f6-686b-41b225,1/8/2020,otp-login
2397728093,b7fcc1f6-686b-41b226,1/8/2020,mobile-otp
2397728094,b7fcc1f6-686b-41b227,1/8/2020,default
2397728095,b7fcc1f6-686b-41b228,1/8/2020,pass-login
2397728096,b7fcc1f6-686b-41b229,1/8/2020,otp-login
2397728097,b7fcc1f6-686b-41b230,1/8/2020,mobile-otp
2397728098,b7fcc1f6-686b-41b231,1/8/2020,default
2397728099,b7fcc1f6-686b-41b232,1/8/2020,pass-login
2397728100,b7fcc1f6-686b-41b233,1/8/2020,otp-login
2397728101,b7fcc1f6-686b-41b234,1/8/2020,mobile-otp
2397728102,b7fcc1f6-686b-41b235,1/8/2020,default
2397728103,b7fcc1f6-686b-41b236,1/9/2020,pass-login
2397728104,b7fcc1f6-686b-41b237,1/9/2020,otp-login
2397728105,b7fcc1f6-686b-41b238,1/9/2020,mobile-otp
2397728106,b7fcc1f6-686b-41b239,1/9/2020,default
2397728107,b7fcc1f6-686b-41b240,1/9/2020,pass-login
2397728108,b7fcc1f6-686b-41b241,1/9/2020,otp-login
2397728109,b7fcc1f6-686b-41b242,1/9/2020,mobile-otp
2397728110,b7fcc1f6-686b-41b243,1/9/2020,default
2397728111,b7fcc1f6-686b-41b244,1/9/2020,pass-login
2397728112,b7fcc1f6-686b-41b245,1/9/2020,otp-login
2397728113,b7fcc1f6-686b-41b246,1/9/2020,mobile-otp
2397728114,b7fcc1f6-686b-41b247,1/9/2020,default
2397728115,b7fcc1f6-686b-41b248,1/9/2020,pass-login
2397728116,b7fcc1f6-686b-41b249,1/9/2020,otp-login
2397728117,b7fcc1f6-686b-41b250,1/9/2020,mobile-otp
2397728118,b7fcc1f6-686b-41b251,1/9/2020,default
2397728119,b7fcc1f6-686b-41b252,1/9/2020,pass-login
2397728120,b7fcc1f6-686b-41b253,1/9/2020,otp-login
2397728121,b7fcc1f6-686b-41b254,1/9/2020,mobile-otp
2397728122,b7fcc1f6-686b-41b255,1/9/2020,default
2397728123,b7fcc1f6-686b-41b256,1/9/2020,pass-login
2397728124,b7fcc1f6-686b-41b257,1/9/2020,otp-login
2397728125,b7fcc1f6-686b-41b258,1/9/2020,mobile-otp
2397728126,b7fcc1f6-686b-41b259,1/10/2020,default
2397728127,b7fcc1f6-686b-41b260,1/10/2020,pass-login
2397728128,b7fcc1f6-686b-41b261,1/10/2020,otp-login
2397728129,b7fcc1f6-686b-41b262,1/10/2020,mobile-otp
2397728130,b7fcc1f6-686b-41b263,1/10/2020,default
2397728131,b7fcc1f6-686b-41b264,1/10/2020,pass-login
2397728132,b7fcc1f6-686b-41b265,1/10/2020,otp-login
2397728133,b7fcc1f6-686b-41b266,1/10/2020,mobile-otp
2397728134,b7fcc1f6-686b-41b267,1/10/2020,default
2397728135,b7fcc1f6-686b-41b268,1/10/2020,pass-login
2397728136,b7fcc1f6-686b-41b269,1/10/2020,otp-login
2397728137,b7fcc1f6-686b-41b270,1/10/2020,mobile-otp
2397728138,b7fcc1f6-686b-41b271,1/10/2020,default
2397728139,b7fcc1f6-686b-41b272,1/10/2020,pass-login
2397728140,b7fcc1f6-686b-41b273,1/10/2020,otp-login
2397728141,b7fcc1f6-686b-41b274,1/10/2020,mobile-otp
2397728142,b7fcc1f6-686b-41b275,1/10/2020,default
2397728143,b7fcc1f6-686b-41b276,1/10/2020,pass-login
2397728144,b7fcc1f6-686b-41b277,1/10/2020,otp-login
2397728145,b7fcc1f6-686b-41b278,1/10/2020,mobile-otp
2397728146,b7fcc1f6-686b-41b279,1/10/2020,default
2397728147,b7fcc1f6-686b-41b280,1/10/2020,pass-login
2397728148,b7fcc1f6-686b-41b281,1/10/2020,otp-login
2397728149,b7fcc1f6-686b-41b282,1/10/2020,mobile-otp
2397728150,b7fcc1f6-686b-41b283,1/10/2020,default
2397728151,b7fcc1f6-686b-41b284,1/10/2020,pass-login
2397728152,b7fcc1f6-686b-41b285,1/10/2020,otp-login
2397728153,b7fcc1f6-686b-41b286,1/10/2020,mobile-otp
2397728154,b7fcc1f6-686b-41b287,1/10/2020,default
2397728155,b7fcc1f6-686b-41b288,1/10/2020,pass-login
2397728156,b7fcc1f6-686b-41b289,1/10/2020,otp-login
2397728157,b7fcc1f6-686b-41b290,1/10/2020,mobile-otp
2397728158,b7fcc1f6-686b-41b291,1/10/2020,default
2397728159,b7fcc1f6-686b-41b292,1/10/2020,pass-login
2397728160,b7fcc1f6-686b-41b293,1/10/2020,otp-login
2397728161,b7fcc1f6-686b-41b294,1/10/2020,mobile-otp
2397728162,b7fcc1f6-686b-41b295,1/10/2020,default
2397728163,b7fcc1f6-686b-41b296,1/10/2020,pass-login
2397728164,b7fcc1f6-686b-41b297,1/10/2020,otp-login
2397728165,b7fcc1f6-686b-41b298,1/10/2020,mobile-otp
2397728166,b7fcc1f6-686b-41b299,1/10/2020,default
2397728167,b7fcc1f6-686b-41b300,1/10/2020,pass-login
2397728168,b7fcc1f6-686b-41b301,1/10/2020,otp-login
2397728169,b7fcc1f6-686b-41b302,1/10/2020,mobile-otp
2397728170,b7fcc1f6-686b-41b303,1/10/2020,default
2397728171,b7fcc1f6-686b-41b304,1/10/2020,pass-login
2397728172,b7fcc1f6-686b-41b305,1/10/2020,otp-login
2397728173,b7fcc1f6-686b-41b306,1/10/2020,mobile-otp
2397728174,b7fcc1f6-686b-41b307,1/10/2020,default
2397728175,b7fcc1f6-686b-41b308,1/10/2020,pass-login
2397728176,b7fcc1f6-686b-41b309,1/10/2020,otp-login
2397728177,b7fcc1f6-686b-41b310,1/10/2020,mobile-otp
2397728178,b7fcc1f6-686b-41b311,1/10/2020,default
2397728179,b7fcc1f6-686b-41b312,1/10/2020,pass-login
2397728180,b7fcc1f6-686b-41b313,1/10/2020,otp-login
2397728181,b7fcc1f6-686b-41b314,1/10/2020,mobile-otp
2397728182,b7fcc1f6-686b-41b315,1/10/2020,default
2397728183,b7fcc1f6-686b-41b316,1/10/2020,pass-login
2397728184,b7fcc1f6-686b-41b317,1/10/2020,otp-login
2397728185,b7fcc1f6-686b-41b318,1/10/2020,mobile-otp
2397728186,b7fcc1f6-686b-41b319,1/10/2020,default
2397728187,b7fcc1f6-686b-41b320,1/10/2020,pass-login
2397728188,b7fcc1f6-686b-41b321,1/10/2020,otp-login
2397728189,b7fcc1f6-686b-41b322,1/10/2020,mobile-otp
2397728190,b7fcc1f6-686b-41b323,1/10/2020,default
2397728191,b7fcc1f6-686b-41b324,1/10/2020,pass-login
2397728192,b7fcc1f6-686b-41b325,1/10/2020,otp-login
2397728193,b7fcc1f6-686b-41b326,1/10/2020,mobile-otp
2397728194,b7fcc1f6-686b-41b327,1/10/2020,default
2397728195,b7fcc1f6-686b-41b328,1/10/2020,pass-login
2397728196,b7fcc1f6-686b-41b329,1/10/2020,otp-login
2397728197,b7fcc1f6-686b-41b330,1/10/2020,mobile-otp
2397728198,b7fcc1f6-686b-41b331,1/10/2020,default
2397728199,b7fcc1f6-686b-41b332,1/10/2020,pass-login
2397728200,b7fcc1f6-686b-41b333,1/10/2020,otp-login
2397728201,b7fcc1f6-686b-41b334,1/10/2020,mobile-otp
2397728202,b7fcc1f6-686b-41b335,1/10/2020,default
2397728203,b7fcc1f6-686b-41b336,1/10/2020,pass-login
2397728204,b7fcc1f6-686b-41b337,1/10/2020,otp-login
2397728205,b7fcc1f6-686b-41b338,1/10/2020,mobile-otp
2397728206,b7fcc1f6-686b-41b339,1/10/2020,default
2397728207,b7fcc1f6-686b-41b340,1/10/2020,pass-login
2397728208,b7fcc1f6-686b-41b341,1/10/2020,otp-login
2397728209,b7fcc1f6-686b-41b342,1/10/2020,mobile-otp
2397728210,b7fcc1f6-686b-41b343,1/10/2020,default
2397728211,b7fcc1f6-686b-41b344,1/10/2020,pass-login
2397728212,b7fcc1f6-686b-41b345,1/10/2020,otp-login
2397728213,b7fcc1f6-686b-41b346,1/10/2020,mobile-otp
2397728214,b7fcc1f6-686b-41b347,1/10/2020,default
2397728215,b7fcc1f6-686b-41b348,1/10/2020,pass-login
2397728216,b7fcc1f6-686b-41b349,2/2/2020,pass-login
2397728217,b7fcc1f6-686b-41b350,2/2/2020,pass-login
2397728218,b7fcc1f6-686b-41b351,2/2/2020,pass-login
2397728219,b7fcc1f6-686b-41b352,2/2/2020,pass-login
2397728220,b7fcc1f6-686b-41b353,2/2/2020,pass-login
2397728221,b7fcc1f6-686b-41b354,2/2/2020,pass-login
2397728222,b7fcc1f6-686b-41b355,2/2/2020,pass-login
2397728223,b7fcc1f6-686b-41b356,2/2/2020,pass-login
2397728224,b7fcc1f6-686b-41b357,2/2/2020,pass-login
2397728225,b7fcc1f6-686b-41b358,2/2/2020,default
2397728226,b7fcc1f6-686b-41b359,2/2/2020,default
2397728227,b7fcc1f6-686b-41b360,2/2/2020,default
2397728228,b7fcc1f6-686b-41b361,2/3/2020,default
2397728229,b7fcc1f6-686b-41b362,2/3/2020,mobile-otp
2397728230,b7fcc1f6-686b-41b363,2/3/2020,mobile-otp
2397728231,b7fcc1f6-686b-41b364,2/3/2020,mobile-otp
2397728232,b7fcc1f6-686b-41b365,2/3/2020,mobile-otp
2397728233,b7fcc1f6-686b-41b366,2/3/2020,mobile-otp
2397728234,b7fcc1f6-686b-41b367,2/3/2020,otp-login
2397728235,b7fcc1f6-686b-41b368,2/3/2020,otp-login
2397728236,b7fcc1f6-686b-41b369,2/3/2020,otp-login
2397728237,b7fcc1f6-686b-41b370,2/3/2020,pass-login
2397728238,b7fcc1f6-686b-41b371,2/3/2020,pass-login
2397728239,b7fcc1f6-686b-41b372,2/3/2020,pass-login
2397728240,b7fcc1f6-686b-41b373,2/3/2020,pass-login
2397728241,b7fcc1f6-686b-41b374,2/3/2020,pass-login
2397728242,b7fcc1f6-686b-41b375,2/3/2020,pass-login
2397728243,b7fcc1f6-686b-41b376,2/3/2020,pass-login
2397728244,b7fcc1f6-686b-41b377,2/3/2020,pass-login
2397728245,b7fcc1f6-686b-41b378,2/3/2020,pass-login
2397728246,b7fcc1f6-686b-41b379,2/3/2020,pass-login
2397728247,b7fcc1f6-686b-41b380,2/3/2020,default
2397728248,b7fcc1f6-686b-41b381,2/3/2020,default
2397728249,b7fcc1f6-686b-41b382,2/3/2020,default
2397728250,b7fcc1f6-686b-41b383,2/3/2020,default
2397728251,b7fcc1f6-686b-41b384,2/3/2020,mobile-otp
2397728252,b7fcc1f6-686b-41b385,2/3/2020,mobile-otp
2397728253,b7fcc1f6-686b-41b386,2/3/2020,mobile-otp
2397728254,b7fcc1f6-686b-41b387,2/3/2020,mobile-otp
2397728255,b7fcc1f6-686b-41b388,2/3/2020,mobile-otp
2397728256,b7fcc1f6-686b-41b389,2/3/2020,otp-login
2397728257,b7fcc1f6-686b-41b390,2/3/2020,otp-login
2397728258,b7fcc1f6-686b-41b391,2/3/2020,otp-login
2397728259,b7fcc1f6-686b-41b392,2/3/2020,pass-login
2397728260,b7fcc1f6-686b-41b393,2/3/2020,pass-login
2397728261,b7fcc1f6-686b-41b394,2/3/2020,pass-login
2397728262,b7fcc1f6-686b-41b395,2/3/2020,pass-login
2397728263,b7fcc1f6-686b-41b396,2/3/2020,pass-login
2397728264,b7fcc1f6-686b-41b397,2/3/2020,pass-login
2397728265,b7fcc1f6-686b-41b398,2/3/2020,pass-login
2397728266,b7fcc1f6-686b-41b399,2/3/2020,pass-login
2397728267,b7fcc1f6-686b-41b400,2/3/2020,pass-login
2397728268,b7fcc1f6-686b-41b401,2/3/2020,pass-login
2397728269,b7fcc1f6-686b-41b402,2/3/2020,default
2397728270,b7fcc1f6-686b-41b403,2/3/2020,default
2397728271,b7fcc1f6-686b-41b404,2/3/2020,default
2397728272,b7fcc1f6-686b-41b405,2/3/2020,default
2397728273,b7fcc1f6-686b-41b406,2/3/2020,mobile-otp
2397728274,b7fcc1f6-686b-41b407,2/3/2020,mobile-otp
2397728275,b7fcc1f6-686b-41b408,2/3/2020,mobile-otp
2397728276,b7fcc1f6-686b-41b409,2/3/2020,mobile-otp
2397728277,b7fcc1f6-686b-41b410,2/3/2020,mobile-otp
2397728278,b7fcc1f6-686b-41b411,2/3/2020,otp-login
2397728279,b7fcc1f6-686b-41b412,2/3/2020,otp-login
2397728280,b7fcc1f6-686b-41b413,2/3/2020,otp-login
2397728281,b7fcc1f6-686b-41b414,2/3/2020,pass-login
2397728282,b7fcc1f6-686b-41b415,2/3/2020,pass-login
2397728283,b7fcc1f6-686b-41b416,2/3/2020,pass-login
2397728284,b7fcc1f6-686b-41b417,2/3/2020,pass-login
2397728285,b7fcc1f6-686b-41b418,2/3/2020,pass-login
2397728286,b7fcc1f6-686b-41b419,2/3/2020,pass-login
2397728287,b7fcc1f6-686b-41b420,2/3/2020,pass-login
2397728288,b7fcc1f6-686b-41b421,2/3/2020,pass-login
2397728289,b7fcc1f6-686b-41b422,2/3/2020,pass-login
2397728290,b7fcc1f6-686b-41b423,2/3/2020,pass-login
2397728291,b7fcc1f6-686b-41b424,2/3/2020,default
2397728292,b7fcc1f6-686b-41b425,2/3/2020,default
2397728293,b7fcc1f6-686b-41b426,2/3/2020,default
2397728294,b7fcc1f6-686b-41b427,2/3/2020,default
2397728295,b7fcc1f6-686b-41b428,2/3/2020,mobile-otp
2397728296,b7fcc1f6-686b-41b429,2/3/2020,mobile-otp
2397728297,b7fcc1f6-686b-41b430,2/3/2020,mobile-otp
2397728298,b7fcc1f6-686b-41b431,2/3/2020,mobile-otp
2397728299,b7fcc1f6-686b-41b432,2/3/2020,mobile-otp
2397728300,b7fcc1f6-686b-41b433,2/3/2020,otp-login
2397728301,b7fcc1f6-686b-41b434,2/3/2020,otp-login
2397728302,b7fcc1f6-686b-41b435,2/3/2020,otp-login
2397728303,b7fcc1f6-686b-41b436,2/3/2020,pass-login
2397728304,b7fcc1f6-686b-41b437,2/3/2020,mobile-otp
2397728305,b7fcc1f6-686b-41b438,2/3/2020,mobile-otp
2397728306,b7fcc1f6-686b-41b439,2/3/2020,default
2397728307,b7fcc1f6-686b-41b440,2/3/2020,pass-login
2397728308,b7fcc1f6-686b-41b441,2/3/2020,pass-login
2397728309,b7fcc1f6-686b-41b442,2/3/2020,pass-login
2397728310,b7fcc1f6-686b-41b443,2/3/2020,pass-login
2397728311,b7fcc1f6-686b-41b444,2/3/2020,pass-login
2397728312,b7fcc1f6-686b-41b445,2/3/2020,pass-login
2397728313,b7fcc1f6-686b-41b446,2/3/2020,pass-login
2397728314,b7fcc1f6-686b-41b447,2/3/2020,pass-login
2397728315,b7fcc1f6-686b-41b448,2/3/2020,default
2397728316,b7fcc1f6-686b-41b449,2/3/2020,default
2397728317,b7fcc1f6-686b-41b450,2/3/2020,default
2397728318,b7fcc1f6-686b-41b451,2/3/2020,default
2397728319,b7fcc1f6-686b-41b452,2/3/2020,mobile-otp
2397728320,b7fcc1f6-686b-41b453,2/3/2020,mobile-otp
2397728321,b7fcc1f6-686b-41b454,2/3/2020,mobile-otp
2397728322,b7fcc1f6-686b-41b455,2/3/2020,mobile-otp
2397728323,b7fcc1f6-686b-41b456,2/3/2020,mobile-otp
2397728324,b7fcc1f6-686b-41b457,2/3/2020,otp-login
2397728325,b7fcc1f6-686b-41b458,2/3/2020,otp-login
2397728326,b7fcc1f6-686b-41b459,2/3/2020,otp-login
2397728327,b7fcc1f6-686b-41b460,2/3/2020,pass-login
2397728328,b7fcc1f6-686b-41b461,2/3/2020,mobile-otp
2397728329,b7fcc1f6-686b-41b462,2/3/2020,mobile-otp
2397728330,b7fcc1f6-686b-41b463,2/3/2020,default
2397728331,b7fcc1f6-686b-41b464,2/3/2020,pass-login
2397728332,b7fcc1f6-686b-41b465,2/3/2020,pass-login
2397728333,b7fcc1f6-686b-41b466,2/3/2020,pass-login
2397728334,b7fcc1f6-686b-41b467,2/3/2020,pass-login
2397728335,b7fcc1f6-686b-41b468,2/3/2020,pass-login
2397728336,b7fcc1f6-686b-41b469,2/3/2020,pass-login
2397728337,b7fcc1f6-686b-41b470,2/3/2020,pass-login
2397728338,b7fcc1f6-686b-41b471,2/3/2020,pass-login
2397728339,b7fcc1f6-686b-41b472,2/3/2020,default
2397728340,b7fcc1f6-686b-41b473,2/3/2020,default
2397728341,b7fcc1f6-686b-41b474,2/3/2020,default
2397728342,b7fcc1f6-686b-41b475,2/3/2020,default
2397728343,b7fcc1f6-686b-41b476,2/3/2020,mobile-otp
2397728344,b7fcc1f6-686b-41b477,2/3/2020,mobile-otp
2397728345,b7fcc1f6-686b-41b478,2/3/2020,mobile-otp
2397728346,b7fcc1f6-686b-41b479,2/3/2020,mobile-otp
2397728347,b7fcc1f6-686b-41b480,2/3/2020,mobile-otp
2397728348,b7fcc1f6-686b-41b481,2/3/2020,otp-login
2397728349,b7fcc1f6-686b-41b482,2/3/2020,otp-login
2397728350,b7fcc1f6-686b-41b483,2/3/2020,otp-login
2397728351,b7fcc1f6-686b-41b484,2/3/2020,pass-login
2397728352,b7fcc1f6-686b-41b485,2/3/2020,mobile-otp
2397728353,b7fcc1f6-686b-41b486,2/3/2020,mobile-otp
2397728354,b7fcc1f6-686b-41b487,2/3/2020,default
2397728355,b7fcc1f6-686b-41b488,2/3/2020,pass-login
2397728356,b7fcc1f6-686b-41b489,2/3/2020,pass-login
2397728357,b7fcc1f6-686b-41b490,2/3/2020,pass-login
2397728358,b7fcc1f6-686b-41b491,2/3/2020,pass-login
2397728359,b7fcc1f6-686b-41b492,2/3/2020,pass-login
2397728360,b7fcc1f6-686b-41b493,2/3/2020,pass-login
2397728361,b7fcc1f6-686b-41b494,2/3/2020,pass-login
2397728362,b7fcc1f6-686b-41b495,2/3/2020,pass-login
2397728363,b7fcc1f6-686b-41b496,2/3/2020,default
2397728364,b7fcc1f6-686b-41b497,2/3/2020,default
2397728365,b7fcc1f6-686b-41b498,2/3/2020,default
2397728366,b7fcc1f6-686b-41b499,2/3/2020,default
2397728367,b7fcc1f6-686b-41b500,2/3/2020,mobile-otp
2397728368,b7fcc1f6-686b-41b501,2/3/2020,mobile-otp
2397728369,b7fcc1f6-686b-41b502,2/3/2020,mobile-otp
2397728370,b7fcc1f6-686b-41b503,2/3/2020,mobile-otp
2397728371,b7fcc1f6-686b-41b504,2/3/2020,mobile-otp
2397728372,b7fcc1f6-686b-41b505,2/3/2020,otp-login
2397728373,b7fcc1f6-686b-41b506,2/3/2020,otp-login
2397728374,b7fcc1f6-686b-41b507,2/3/2020,otp-login
2397728375,b7fcc1f6-686b-41b508,2/3/2020,pass-login
2397728376,b7fcc1f6-686b-41b509,2/3/2020,mobile-otp
2397728377,b7fcc1f6-686b-41b510,2/3/2020,mobile-otp
2397728378,b7fcc1f6-686b-41b511,2/3/2020,default
2397728379,b7fcc1f6-686b-41b512,2/3/2020,pass-login
2397728380,b7fcc1f6-686b-41b513,2/3/2020,pass-login
2397728381,b7fcc1f6-686b-41b514,2/3/2020,otp-login
2397728382,b7fcc1f6-686b-41b515,2/3/2020,mobile-otp
2397728383,b7fcc1f6-686b-41b516,2/3/2020,mobile-otp
2397728384,b7fcc1f6-686b-41b517,2/3/2020,mobile-otp
2397728385,b7fcc1f6-686b-41b518,2/3/2020,default
2397728386,b7fcc1f6-686b-41b519,2/3/2020,default
2397728387,b7fcc1f6-686b-41b520,2/3/2020,pass-login
2397728388,b7fcc1f6-686b-41b521,2/3/2020,pass-login
2397728389,b7fcc1f6-686b-41b522,2/3/2020,pass-login
2397728390,b7fcc1f6-686b-41b523,2/3/2020,pass-login
2397728391,b7fcc1f6-686b-41b524,2/3/2020,pass-login
2397728392,b7fcc1f6-686b-41b525,2/3/2020,pass-login
2397728393,b7fcc1f6-686b-41b526,2/3/2020,pass-login
2397728394,b7fcc1f6-686b-41b527,2/3/2020,pass-login
2397728395,b7fcc1f6-686b-41b528,2/3/2020,default
2397728396,b7fcc1f6-686b-41b529,2/3/2020,default
2397728397,b7fcc1f6-686b-41b530,2/3/2020,default
2397728398,b7fcc1f6-686b-41b531,2/3/2020,default
2397728399,b7fcc1f6-686b-41b532,2/3/2020,mobile-otp
2397728400,b7fcc1f6-686b-41b533,2/3/2020,mobile-otp
2397728401,b7fcc1f6-686b-41b534,2/3/2020,mobile-otp
2397728402,b7fcc1f6-686b-41b535,2/3/2020,mobile-otp
2397728403,b7fcc1f6-686b-41b536,2/3/2020,mobile-otp
2397728404,b7fcc1f6-686b-41b537,2/3/2020,otp-login
2397728405,b7fcc1f6-686b-41b538,2/3/2020,otp-login
2397728406,b7fcc1f6-686b-41b539,2/3/2020,otp-login
2397728407,b7fcc1f6-686b-41b540,2/3/2020,pass-login
2397728408,b7fcc1f6-686b-41b541,2/3/2020,mobile-otp
2397728409,b7fcc1f6-686b-41b542,2/3/2020,mobile-otp
2397728410,b7fcc1f6-686b-41b543,2/3/2020,default
2397728411,b7fcc1f6-686b-41b544,2/3/2020,pass-login
2397728412,b7fcc1f6-686b-41b545,2/3/2020,pass-login
2397728413,b7fcc1f6-686b-41b546,2/3/2020,otp-login
2397728414,b7fcc1f6-686b-41b547,2/3/2020,mobile-otp
2397728415,b7fcc1f6-686b-41b548,2/3/2020,mobile-otp
2397728416,b7fcc1f6-686b-41b549,2/3/2020,mobile-otp
2397728417,b7fcc1f6-686b-41b550,2/3/2020,default
2397728418,b7fcc1f6-686b-41b551,2/3/2020,default
2397728419,b7fcc1f6-686b-41b552,2/3/2020,pass-login
2397728420,b7fcc1f6-686b-41b553,2/3/2020,pass-login
2397728421,b7fcc1f6-686b-41b554,2/3/2020,pass-login
2397728422,b7fcc1f6-686b-41b555,2/3/2020,pass-login
2397728423,b7fcc1f6-686b-41b556,2/3/2020,pass-login
2397728424,b7fcc1f6-686b-41b557,2/3/2020,pass-login
2397728425,b7fcc1f6-686b-41b558,2/3/2020,pass-login
2397728426,b7fcc1f6-686b-41b559,2/3/2020,pass-login
2397728427,b7fcc1f6-686b-41b560,2/3/2020,default
2397728428,b7fcc1f6-686b-41b561,2/3/2020,default
2397728429,b7fcc1f6-686b-41b562,2/3/2020,default
2397728430,b7fcc1f6-686b-41b563,2/3/2020,default
2397728431,b7fcc1f6-686b-41b564,2/3/2020,mobile-otp
2397728432,b7fcc1f6-686b-41b565,2/3/2020,mobile-otp
2397728433,b7fcc1f6-686b-41b566,2/3/2020,mobile-otp
2397728434,b7fcc1f6-686b-41b567,2/3/2020,mobile-otp
2397728435,b7fcc1f6-686b-41b568,2/3/2020,mobile-otp
2397728436,b7fcc1f6-686b-41b569,2/3/2020,otp-login
2397728437,b7fcc1f6-686b-41b570,2/3/2020,otp-login
2397728438,b7fcc1f6-686b-41b571,2/3/2020,otp-login
2397728439,b7fcc1f6-686b-41b572,2/3/2020,pass-login
2397728440,b7fcc1f6-686b-41b573,2/3/2020,mobile-otp
2397728441,b7fcc1f6-686b-41b574,2/3/2020,mobile-otp
2397728442,b7fcc1f6-686b-41b575,2/3/2020,default
2397728443,b7fcc1f6-686b-41b576,2/3/2020,pass-login
2397728444,b7fcc1f6-686b-41b577,2/3/2020,pass-login
2397728445,b7fcc1f6-686b-41b578,2/3/2020,otp-login
2397728446,b7fcc1f6-686b-41b579,2/3/2020,mobile-otp
2397728447,b7fcc1f6-686b-41b580,2/3/2020,mobile-otp
2397728448,b7fcc1f6-686b-41b581,2/3/2020,mobile-otp
2397728449,b7fcc1f6-686b-41b582,2/3/2020,default
2397728450,b7fcc1f6-686b-41b583,2/3/2020,default
2397728451,b7fcc1f6-686b-41b584,2/3/2020,pass-login
2397728452,b7fcc1f6-686b-41b585,2/3/2020,pass-login
2397728453,b7fcc1f6-686b-41b586,2/3/2020,pass-login
2397728454,b7fcc1f6-686b-41b587,2/3/2020,pass-login
2397728455,b7fcc1f6-686b-41b588,2/3/2020,pass-login
2397728456,b7fcc1f6-686b-41b589,2/3/2020,pass-login
2397728457,b7fcc1f6-686b-41b590,2/3/2020,pass-login
2397728458,b7fcc1f6-686b-41b591,2/3/2020,pass-login
2397728459,b7fcc1f6-686b-41b592,2/3/2020,default
2397728460,b7fcc1f6-686b-41b593,2/3/2020,default
2397728461,b7fcc1f6-686b-41b594,2/3/2020,default
2397728462,b7fcc1f6-686b-41b595,2/3/2020,default
2397728463,b7fcc1f6-686b-41b596,2/3/2020,mobile-otp
2397728464,b7fcc1f6-686b-41b597,2/3/2020,mobile-otp
2397728465,b7fcc1f6-686b-41b598,2/3/2020,mobile-otp
2397728466,b7fcc1f6-686b-41b599,2/3/2020,mobile-otp
2397728467,b7fcc1f6-686b-41b600,2/3/2020,mobile-otp
2397728468,b7fcc1f6-686b-41b601,2/3/2020,otp-login
2397728469,b7fcc1f6-686b-41b602,2/3/2020,otp-login
2397728470,b7fcc1f6-686b-41b603,2/3/2020,otp-login
2397728471,b7fcc1f6-686b-41b604,2/3/2020,pass-login
2397728472,b7fcc1f6-686b-41b605,2/3/2020,mobile-otp
2397728473,b7fcc1f6-686b-41b606,2/3/2020,mobile-otp
2397728474,b7fcc1f6-686b-41b607,2/3/2020,default
2397728475,b7fcc1f6-686b-41b608,2/3/2020,pass-login
2397728476,b7fcc1f6-686b-41b609,2/3/2020,pass-login
2397728477,b7fcc1f6-686b-41b610,2/3/2020,otp-login
2397728478,b7fcc1f6-686b-41b611,2/3/2020,mobile-otp
2397728479,b7fcc1f6-686b-41b612,2/3/2020,mobile-otp
2397728480,b7fcc1f6-686b-41b613,2/3/2020,mobile-otp
2397728481,b7fcc1f6-686b-41b614,2/3/2020,default
2397728482,b7fcc1f6-686b-41b615,2/3/2020,default
2397728483,b7fcc1f6-686b-41b616,2/3/2020,pass-login
2397728484,b7fcc1f6-686b-41b617,2/3/2020,pass-login
2397728485,b7fcc1f6-686b-41b618,2/3/2020,pass-login
2397728486,b7fcc1f6-686b-41b619,2/3/2020,pass-login
2397728487,b7fcc1f6-686b-41b620,2/3/2020,pass-login
2397728488,b7fcc1f6-686b-41b621,2/3/2020,pass-login
2397728489,b7fcc1f6-686b-41b622,2/3/2020,pass-login
2397728490,b7fcc1f6-686b-41b623,2/3/2020,pass-login
2397728491,b7fcc1f6-686b-41b624,2/3/2020,default
2397728492,b7fcc1f6-686b-41b625,2/3/2020,default
2397728493,b7fcc1f6-686b-41b626,2/3/2020,default
2397728494,b7fcc1f6-686b-41b627,2/3/2020,default
2397728495,b7fcc1f6-686b-41b628,2/3/2020,mobile-otp
2397728496,b7fcc1f6-686b-41b629,2/3/2020,mobile-otp
2397728497,b7fcc1f6-686b-41b630,2/3/2020,mobile-otp
2397728498,b7fcc1f6-686b-41b631,2/3/2020,mobile-otp
2397728499,b7fcc1f6-686b-41b632,2/3/2020,mobile-otp
2397728500,b7fcc1f6-686b-41b633,2/3/2020,otp-login
2397728501,b7fcc1f6-686b-41b634,2/3/2020,otp-login
2397728502,b7fcc1f6-686b-41b635,2/3/2020,otp-login
2397728503,b7fcc1f6-686b-41b636,2/3/2020,pass-login
2397728504,b7fcc1f6-686b-41b637,2/3/2020,mobile-otp
2397728505,b7fcc1f6-686b-41b638,2/3/2020,mobile-otp
2397728506,b7fcc1f6-686b-41b639,2/3/2020,default
2397728507,b7fcc1f6-686b-41b640,2/3/2020,pass-login
2397728508,b7fcc1f6-686b-41b641,2/3/2020,pass-login
2397728509,b7fcc1f6-686b-41b642,2/3/2020,otp-login
2397728510,b7fcc1f6-686b-41b643,2/3/2020,mobile-otp
2397728511,b7fcc1f6-686b-41b644,2/3/2020,mobile-otp
2397728512,b7fcc1f6-686b-41b645,2/3/2020,mobile-otp
2397728513,b7fcc1f6-686b-41b646,2/3/2020,default
2397728514,b7fcc1f6-686b-41b647,2/3/2020,default
2397728515,b7fcc1f6-686b-41b648,2/3/2020,pass-login
2397728516,b7fcc1f6-686b-41b649,2/3/2020,pass-login
2397728517,b7fcc1f6-686b-41b650,2/3/2020,pass-login
2397728518,b7fcc1f6-686b-41b651,2/3/2020,pass-login
2397728519,b7fcc1f6-686b-41b652,2/3/2020,pass-login
2397728520,b7fcc1f6-686b-41b653,2/3/2020,pass-login
2397728521,b7fcc1f6-686b-41b654,2/3/2020,pass-login
2397728522,b7fcc1f6-686b-41b655,2/3/2020,pass-login
2397728523,b7fcc1f6-686b-41b656,2/3/2020,default
2397728524,b7fcc1f6-686b-41b657,2/3/2020,default
2397728525,b7fcc1f6-686b-41b658,2/3/2020,default
2397728526,b7fcc1f6-686b-41b659,2/3/2020,default
2397728527,b7fcc1f6-686b-41b660,2/3/2020,mobile-otp
2397728528,b7fcc1f6-686b-41b661,2/3/2020,mobile-otp
2397728529,b7fcc1f6-686b-41b662,2/3/2020,mobile-otp
2397728530,b7fcc1f6-686b-41b663,2/3/2020,mobile-otp
2397728531,b7fcc1f6-686b-41b664,2/3/2020,mobile-otp
2397728532,b7fcc1f6-686b-41b665,2/3/2020,otp-login
2397728533,b7fcc1f6-686b-41b666,2/3/2020,otp-login
2397728534,b7fcc1f6-686b-41b667,2/3/2020,otp-login
2397728535,b7fcc1f6-686b-41b668,2/3/2020,pass-login
2397728536,b7fcc1f6-686b-41b669,2/3/2020,mobile-otp
2397728537,b7fcc1f6-686b-41b670,2/3/2020,mobile-otp
2397728538,b7fcc1f6-686b-41b671,2/3/2020,default
2397728539,b7fcc1f6-686b-41b672,2/3/2020,pass-login
2397728540,b7fcc1f6-686b-41b673,2/3/2020,pass-login
2397728541,b7fcc1f6-686b-41b674,2/3/2020,otp-login
2397728542,b7fcc1f6-686b-41b675,2/3/2020,mobile-otp
2397728543,b7fcc1f6-686b-41b676,2/3/2020,mobile-otp
2397728544,b7fcc1f6-686b-41b677,2/3/2020,mobile-otp
2397728545,b7fcc1f6-686b-41b678,2/3/2020,default
2397728546,b7fcc1f6-686b-41b679,2/3/2020,default
2397728547,b7fcc1f6-686b-41b680,2/3/2020,pass-login
2397728548,b7fcc1f6-686b-41b681,2/3/2020,pass-login
2397728549,b7fcc1f6-686b-41b682,2/3/2020,pass-login
2397728550,b7fcc1f6-686b-41b683,2/3/2020,pass-login
2397728551,b7fcc1f6-686b-41b684,2/3/2020,pass-login
2397728552,b7fcc1f6-686b-41b685,2/3/2020,pass-login
2397728553,b7fcc1f6-686b-41b686,2/3/2020,pass-login
2397728554,b7fcc1f6-686b-41b687,2/3/2020,pass-login
2397728555,b7fcc1f6-686b-41b688,2/3/2020,default
2397728556,b7fcc1f6-686b-41b689,2/3/2020,default
2397728557,b7fcc1f6-686b-41b690,2/3/2020,default
2397728558,b7fcc1f6-686b-41b691,2/3/2020,default
2397728559,b7fcc1f6-686b-41b692,2/3/2020,mobile-otp
2397728560,b7fcc1f6-686b-41b693,2/3/2020,mobile-otp
2397728561,b7fcc1f6-686b-41b694,2/3/2020,mobile-otp
2397728562,b7fcc1f6-686b-41b695,2/3/2020,mobile-otp
2397728563,b7fcc1f6-686b-41b696,2/3/2020,mobile-otp
2397728564,b7fcc1f6-686b-41b697,2/3/2020,otp-login
2397728565,b7fcc1f6-686b-41b698,2/3/2020,otp-login
2397728566,b7fcc1f6-686b-41b699,2/3/2020,otp-login
2397728567,b7fcc1f6-686b-41b700,2/3/2020,pass-login
2397728568,b7fcc1f6-686b-41b701,2/3/2020,mobile-otp
2397728569,b7fcc1f6-686b-41b702,2/3/2020,mobile-otp
2397728570,b7fcc1f6-686b-41b703,2/3/2020,default
2397728571,b7fcc1f6-686b-41b704,2/3/2020,pass-login
2397728572,b7fcc1f6-686b-41b705,2/3/2020,pass-login
2397728573,b7fcc1f6-686b-41b706,2/3/2020,otp-login
2397728574,b7fcc1f6-686b-41b707,2/3/2020,mobile-otp
2397728575,b7fcc1f6-686b-41b708,2/3/2020,mobile-otp
2397728576,b7fcc1f6-686b-41b709,2/3/2020,mobile-otp
2397728577,b7fcc1f6-686b-41b710,2/3/2020,default
2397728578,b7fcc1f6-686b-41b711,2/3/2020,default
2397728579,b7fcc1f6-686b-41b712,2/3/2020,pass-login
2397728580,b7fcc1f6-686b-41b713,2/3/2020,pass-login
2397728581,b7fcc1f6-686b-41b714,2/3/2020,pass-login
2397728582,b7fcc1f6-686b-41b715,2/3/2020,pass-login
2397728583,b7fcc1f6-686b-41b716,2/3/2020,pass-login
2397728584,b7fcc1f6-686b-41b717,2/3/2020,pass-login
2397728585,b7fcc1f6-686b-41b718,2/3/2020,pass-login
2397728586,b7fcc1f6-686b-41b719,2/3/2020,pass-login
2397728587,b7fcc1f6-686b-41b720,2/3/2020,default
2397728588,b7fcc1f6-686b-41b721,2/3/2020,default
2397728589,b7fcc1f6-686b-41b722,2/3/2020,default
2397728590,b7fcc1f6-686b-41b723,2/3/2020,default
2397728591,b7fcc1f6-686b-41b724,2/3/2020,mobile-otp
2397728592,b7fcc1f6-686b-41b725,2/3/2020,mobile-otp
2397728593,b7fcc1f6-686b-41b726,2/3/2020,mobile-otp
2397728594,b7fcc1f6-686b-41b727,2/3/2020,mobile-otp
2397728595,b7fcc1f6-686b-41b728,2/3/2020,mobile-otp
2397728596,b7fcc1f6-686b-41b729,2/3/2020,otp-login
2397728597,b7fcc1f6-686b-41b730,2/3/2020,otp-login
2397728598,b7fcc1f6-686b-41b731,2/3/2020,otp-login
2397728599,b7fcc1f6-686b-41b732,2/3/2020,pass-login
2397728600,b7fcc1f6-686b-41b733,2/3/2020,mobile-otp
2397728601,b7fcc1f6-686b-41b734,2/3/2020,mobile-otp
2397728602,b7fcc1f6-686b-41b735,2/3/2020,default
2397728603,b7fcc1f6-686b-41b736,2/3/2020,pass-login
2397728604,b7fcc1f6-686b-41b737,2/3/2020,pass-login
2397728605,b7fcc1f6-686b-41b738,2/3/2020,otp-login
2397728606,b7fcc1f6-686b-41b739,2/3/2020,mobile-otp
2397728607,b7fcc1f6-686b-41b740,2/3/2020,mobile-otp
2397728608,b7fcc1f6-686b-41b741,2/3/2020,mobile-otp
2397728609,b7fcc1f6-686b-41b742,2/3/2020,default
2397728610,b7fcc1f6-686b-41b743,2/3/2020,default
2397728717,b7fcc1f6-686b-41b850,2/3/2020,mobile-otp
2397728718,b7fcc1f6-686b-41b851,2/4/2020,otp-login
2397728719,b7fcc1f6-686b-41b852,2/4/2020,otp-login
2397728720,b7fcc1f6-686b-41b853,2/4/2020,otp-login
2397728721,b7fcc1f6-686b-41b854,2/4/2020,pass-login
2397728722,b7fcc1f6-686b-41b855,2/4/2020,mobile-otp
2397728723,b7fcc1f6-686b-41b856,2/4/2020,mobile-otp
2397728724,b7fcc1f6-686b-41b857,2/4/2020,default
2397728725,b7fcc1f6-686b-41b858,2/4/2020,pass-login
2397728726,b7fcc1f6-686b-41b859,2/4/2020,pass-login
2397728727,b7fcc1f6-686b-41b860,2/4/2020,otp-login
2397728728,b7fcc1f6-686b-41b861,2/4/2020,mobile-otp
2397728729,b7fcc1f6-686b-41b862,2/4/2020,mobile-otp
2397728730,b7fcc1f6-686b-41b863,2/4/2020,mobile-otp
2397728731,b7fcc1f6-686b-41b864,2/4/2020,default
2397728732,b7fcc1f6-686b-41b865,2/4/2020,default
2397728733,b7fcc1f6-686b-41b866,2/4/2020,mobile-otp
2397728734,b7fcc1f6-686b-41b867,2/4/2020,otp-login
2397728735,b7fcc1f6-686b-41b868,2/4/2020,otp-login
2397728736,b7fcc1f6-686b-41b869,2/4/2020,otp-login
2397728737,b7fcc1f6-686b-41b870,2/4/2020,pass-login
2397728738,b7fcc1f6-686b-41b871,2/4/2020,mobile-otp
2397728739,b7fcc1f6-686b-41b872,2/4/2020,mobile-otp
2397728740,b7fcc1f6-686b-41b873,2/4/2020,default
2397728741,b7fcc1f6-686b-41b874,2/4/2020,pass-login
2397728742,b7fcc1f6-686b-41b875,2/4/2020,pass-login
2397728743,b7fcc1f6-686b-41b876,2/4/2020,otp-login
2397728744,b7fcc1f6-686b-41b877,2/4/2020,mobile-otp
2397728745,b7fcc1f6-686b-41b878,2/4/2020,mobile-otp
2397728746,b7fcc1f6-686b-41b879,2/4/2020,mobile-otp
2397728747,b7fcc1f6-686b-41b880,2/4/2020,default
2397728748,b7fcc1f6-686b-41b881,2/4/2020,default
2397728749,b7fcc1f6-686b-41b882,2/4/2020,default
2397728750,b7fcc1f6-686b-41b883,2/4/2020,mobile-otp
2397728751,b7fcc1f6-686b-41b884,2/4/2020,otp-login
2397728752,b7fcc1f6-686b-41b885,2/4/2020,otp-login
2397728753,b7fcc1f6-686b-41b886,2/4/2020,otp-login
2397728754,b7fcc1f6-686b-41b887,2/4/2020,pass-login
2397728755,b7fcc1f6-686b-41b888,2/4/2020,mobile-otp
2397728756,b7fcc1f6-686b-41b889,2/4/2020,mobile-otp
2397728757,b7fcc1f6-686b-41b890,2/4/2020,default
2397728758,b7fcc1f6-686b-41b891,2/4/2020,pass-login
2397728759,b7fcc1f6-686b-41b892,2/4/2020,pass-login
2397728760,b7fcc1f6-686b-41b893,2/4/2020,otp-login
2397728761,b7fcc1f6-686b-41b894,2/4/2020,mobile-otp
2397728762,b7fcc1f6-686b-41b895,2/4/2020,mobile-otp
2397728763,b7fcc1f6-686b-41b896,2/4/2020,mobile-otp
2397728764,b7fcc1f6-686b-41b897,2/4/2020,default
2397728765,b7fcc1f6-686b-41b898,2/4/2020,default
2397728766,b7fcc1f6-686b-41b899,2/4/2020,mobile-otp
2397728767,b7fcc1f6-686b-41b900,2/4/2020,otp-login
2397728768,b7fcc1f6-686b-41b901,2/4/2020,otp-login
2397728769,b7fcc1f6-686b-41b902,2/4/2020,otp-login
2397728770,b7fcc1f6-686b-41b903,2/4/2020,pass-login
2397728771,b7fcc1f6-686b-41b904,2/4/2020,mobile-otp
2397728772,b7fcc1f6-686b-41b905,2/4/2020,mobile-otp
2397728773,b7fcc1f6-686b-41b906,2/4/2020,default
2397728774,b7fcc1f6-686b-41b907,2/4/2020,pass-login
2397728775,b7fcc1f6-686b-41b908,2/4/2020,pass-login
2397728776,b7fcc1f6-686b-41b909,2/4/2020,otp-login
2397728777,b7fcc1f6-686b-41b910,2/4/2020,mobile-otp
2397728778,b7fcc1f6-686b-41b911,2/4/2020,mobile-otp
2397728779,b7fcc1f6-686b-41b912,2/4/2020,mobile-otp
2397728780,b7fcc1f6-686b-41b913,2/4/2020,default
2397728781,b7fcc1f6-686b-41b914,2/4/2020,default
2397728782,b7fcc1f6-686b-41b915,2/4/2020,default
2397728783,b7fcc1f6-686b-41b916,2/4/2020,mobile-otp
2397728784,b7fcc1f6-686b-41b917,2/4/2020,otp-login
2397728785,b7fcc1f6-686b-41b918,2/4/2020,otp-login
2397728786,b7fcc1f6-686b-41b919,2/4/2020,otp-login
2397728787,b7fcc1f6-686b-41b920,2/4/2020,pass-login
2397728788,b7fcc1f6-686b-41b921,2/4/2020,mobile-otp
2397728789,b7fcc1f6-686b-41b922,2/4/2020,mobile-otp
2397728790,b7fcc1f6-686b-41b923,2/4/2020,default
2397728791,b7fcc1f6-686b-41b924,2/4/2020,pass-login
2397728792,b7fcc1f6-686b-41b925,2/4/2020,pass-login
2397728793,b7fcc1f6-686b-41b926,2/4/2020,otp-login
2397728794,b7fcc1f6-686b-41b927,2/4/2020,mobile-otp
2397728795,b7fcc1f6-686b-41b928,2/4/2020,mobile-otp
2397728796,b7fcc1f6-686b-41b929,2/4/2020,mobile-otp
2397728797,b7fcc1f6-686b-41b930,2/4/2020,default
2397728798,b7fcc1f6-686b-41b931,2/4/2020,default
2397728799,b7fcc1f6-686b-41b932,2/4/2020,mobile-otp
2397728800,b7fcc1f6-686b-41b933,2/4/2020,otp-login
2397728801,b7fcc1f6-686b-41b934,2/4/2020,otp-login
2397728802,b7fcc1f6-686b-41b935,2/4/2020,otp-login
2397728803,b7fcc1f6-686b-41b936,2/4/2020,pass-login
2397728804,b7fcc1f6-686b-41b937,2/4/2020,mobile-otp
2397728805,b7fcc1f6-686b-41b938,2/4/2020,mobile-otp
2397728806,b7fcc1f6-686b-41b939,2/4/2020,default
2397728807,b7fcc1f6-686b-41b940,2/4/2020,pass-login
2397728808,b7fcc1f6-686b-41b941,2/4/2020,pass-login
2397728809,b7fcc1f6-686b-41b942,2/4/2020,otp-login
2397728810,b7fcc1f6-686b-41b943,2/4/2020,mobile-otp
2397728811,b7fcc1f6-686b-41b944,2/4/2020,mobile-otp
2397728812,b7fcc1f6-686b-41b945,2/4/2020,mobile-otp
2397728813,b7fcc1f6-686b-41b946,2/4/2020,default
2397728814,b7fcc1f6-686b-41b947,2/4/2020,default
2397728815,b7fcc1f6-686b-41b948,2/4/2020,default
2397728816,b7fcc1f6-686b-41b949,2/4/2020,mobile-otp
2397728817,b7fcc1f6-686b-41b950,2/4/2020,otp-login
2397728818,b7fcc1f6-686b-41b951,2/4/2020,otp-login
2397728819,b7fcc1f6-686b-41b952,2/4/2020,otp-login
2397728820,b7fcc1f6-686b-41b953,2/4/2020,pass-login
2397728821,b7fcc1f6-686b-41b954,2/4/2020,mobile-otp
2397728822,b7fcc1f6-686b-41b955,2/4/2020,mobile-otp
2397728823,b7fcc1f6-686b-41b956,2/4/2020,default
2397728824,b7fcc1f6-686b-41b957,2/4/2020,pass-login
2397728825,b7fcc1f6-686b-41b958,2/4/2020,pass-login
2397728826,b7fcc1f6-686b-41b959,2/4/2020,otp-login
2397728827,b7fcc1f6-686b-41b960,2/4/2020,mobile-otp
2397728828,b7fcc1f6-686b-41b961,2/4/2020,mobile-otp
2397728829,b7fcc1f6-686b-41b962,2/4/2020,mobile-otp
2397728830,b7fcc1f6-686b-41b963,2/4/2020,default
2397728831,b7fcc1f6-686b-41b964,2/4/2020,default
2397728832,b7fcc1f6-686b-41b965,2/4/2020,mobile-otp
2397728833,b7fcc1f6-686b-41b966,2/4/2020,otp-login
2397728834,b7fcc1f6-686b-41b967,2/4/2020,otp-login
2397728835,b7fcc1f6-686b-41b968,2/4/2020,otp-login
2397728836,b7fcc1f6-686b-41b969,2/4/2020,pass-login
2397728837,b7fcc1f6-686b-41b970,2/4/2020,mobile-otp
2397728838,b7fcc1f6-686b-41b971,2/4/2020,mobile-otp
2397728839,b7fcc1f6-686b-41b972,2/4/2020,default
2397728840,b7fcc1f6-686b-41b973,2/4/2020,pass-login
2397728841,b7fcc1f6-686b-41b974,2/4/2020,pass-login
2397728842,b7fcc1f6-686b-41b975,2/4/2020,otp-login
2397728843,b7fcc1f6-686b-41b976,2/4/2020,mobile-otp
2397728844,b7fcc1f6-686b-41b977,2/4/2020,mobile-otp
2397728845,b7fcc1f6-686b-41b978,2/4/2020,mobile-otp
2397728846,b7fcc1f6-686b-41b979,2/10/2020,default
2397728847,b7fcc1f6-686b-41b980,2/10/2020,default
2397728848,b7fcc1f6-686b-41b981,2/10/2020,default
2397728849,b7fcc1f6-686b-41b982,2/10/2020,mobile-otp
2397728850,b7fcc1f6-686b-41b983,2/10/2020,otp-login
2397728851,b7fcc1f6-686b-41b984,2/10/2020,otp-login
2397728852,b7fcc1f6-686b-41b985,2/10/2020,otp-login
2397728853,b7fcc1f6-686b-41b986,2/10/2020,pass-login
2397728854,b7fcc1f6-686b-41b987,2/10/2020,mobile-otp
2397728855,b7fcc1f6-686b-41b988,2/10/2020,mobile-otp
2397728856,b7fcc1f6-686b-41b989,2/10/2020,default
2397728857,b7fcc1f6-686b-41b990,2/10/2020,pass-login
2397728858,b7fcc1f6-686b-41b991,2/10/2020,pass-login
2397728859,b7fcc1f6-686b-41b992,2/10/2020,otp-login
2397728860,b7fcc1f6-686b-41b993,2/10/2020,mobile-otp
2397728861,b7fcc1f6-686b-41b994,2/10/2020,mobile-otp
2397728862,b7fcc1f6-686b-41b995,2/10/2020,mobile-otp
2397728863,b7fcc1f6-686b-41b996,2/10/2020,default
2397728864,b7fcc1f6-686b-41b997,2/10/2020,default
2397728865,b7fcc1f6-686b-41b998,2/10/2020,mobile-otp
2397728866,b7fcc1f6-686b-41b999,2/10/2020,otp-login
2397728867,b7fcc1f6-686b-41a002,2/10/2020,otp-login
2397728868,b7fcc1f6-686b-41a003,2/10/2020,otp-login
2397728869,b7fcc1f6-686b-41a004,2/10/2020,pass-login
2397728870,b7fcc1f6-686b-41a005,2/10/2020,mobile-otp
2397728871,b7fcc1f6-686b-41a006,2/10/2020,mobile-otp
2397728872,b7fcc1f6-686b-41a007,2/10/2020,default
2397728873,b7fcc1f6-686b-41a008,2/10/2020,pass-login
2397728874,b7fcc1f6-686b-41a009,2/10/2020,pass-login
2397728875,b7fcc1f6-686b-41a010,2/10/2020,otp-login
2397728876,b7fcc1f6-686b-41a011,2/10/2020,mobile-otp
2397728877,b7fcc1f6-686b-41a012,2/10/2020,mobile-otp
2397728878,b7fcc1f6-686b-41a013,2/10/2020,mobile-otp
2397728879,b7fcc1f6-686b-41a014,2/10/2020,default
2397728880,b7fcc1f6-686b-41a015,2/10/2020,default
2397728881,b7fcc1f6-686b-41a016,2/10/2020,default
2397728882,b7fcc1f6-686b-41a017,2/10/2020,mobile-otp
2397728883,b7fcc1f6-686b-41a018,2/10/2020,otp-login
2397728884,b7fcc1f6-686b-41a019,2/10/2020,otp-login
2397728885,b7fcc1f6-686b-41a020,2/10/2020,otp-login
2397728886,b7fcc1f6-686b-41a021,2/10/2020,pass-login
2397728887,b7fcc1f6-686b-41a022,2/10/2020,mobile-otp
2397728888,b7fcc1f6-686b-41a023,2/10/2020,mobile-otp
2397728889,b7fcc1f6-686b-41a024,2/10/2020,default
2397728890,b7fcc1f6-686b-41a025,2/10/2020,pass-login
2397728891,b7fcc1f6-686b-41a026,2/10/2020,pass-login
2397728892,b7fcc1f6-686b-41a027,2/10/2020,otp-login
2397728893,b7fcc1f6-686b-41a028,2/10/2020,mobile-otp
2397728894,b7fcc1f6-686b-41a029,2/10/2020,mobile-otp
2397728895,b7fcc1f6-686b-41a030,2/10/2020,mobile-otp
2397728896,b7fcc1f6-686b-41a031,2/10/2020,default
2397728897,b7fcc1f6-686b-41a032,2/10/2020,default
2397728898,b7fcc1f6-686b-41a033,2/10/2020,mobile-otp
2397728899,b7fcc1f6-686b-41a034,2/10/2020,otp-login
2397728900,b7fcc1f6-686b-41a035,2/10/2020,otp-login
2397728901,b7fcc1f6-686b-41a036,2/10/2020,otp-login
2397728902,b7fcc1f6-686b-41a037,2/10/2020,pass-login
2397728903,b7fcc1f6-686b-41a038,2/10/2020,mobile-otp
2397728904,b7fcc1f6-686b-41a039,2/10/2020,mobile-otp
2397728905,b7fcc1f6-686b-41a040,2/10/2020,default
2397728906,b7fcc1f6-686b-41a041,2/10/2020,pass-login
2397728907,b7fcc1f6-686b-41a042,2/10/2020,pass-login
2397728908,b7fcc1f6-686b-41a043,2/10/2020,otp-login
2397728909,b7fcc1f6-686b-41a044,2/10/2020,mobile-otp
2397728910,b7fcc1f6-686b-41a045,2/10/2020,mobile-otp
2397728911,b7fcc1f6-686b-41a046,2/10/2020,mobile-otp
2397728912,b7fcc1f6-686b-41a047,2/10/2020,default
2397728913,b7fcc1f6-686b-41a048,2/10/2020,default
2397728914,b7fcc1f6-686b-41a049,2/10/2020,default
2397728915,b7fcc1f6-686b-41a050,2/10/2020,mobile-otp
2397728916,b7fcc1f6-686b-41a051,2/10/2020,otp-login
2397728917,b7fcc1f6-686b-41a052,2/10/2020,otp-login
2397728918,b7fcc1f6-686b-41a053,2/10/2020,otp-login
2397728919,b7fcc1f6-686b-41a054,2/10/2020,pass-login
2397728920,b7fcc1f6-686b-41a055,2/10/2020,mobile-otp
2397728921,b7fcc1f6-686b-41a056,2/10/2020,mobile-otp
2397728922,b7fcc1f6-686b-41a057,2/10/2020,default
2397728923,b7fcc1f6-686b-41a058,3/3/2020,otp-login
2397728924,b7fcc1f6-686b-41a059,3/3/2020,mobile-otp
2397728925,b7fcc1f6-686b-41a060,3/3/2020,default
2397728926,b7fcc1f6-686b-41a061,3/3/2020,pass-login
2397728927,b7fcc1f6-686b-41a062,3/3/2020,otp-login
2397728928,b7fcc1f6-686b-41a063,3/3/2020,mobile-otp
2397728929,b7fcc1f6-686b-41a064,3/3/2020,default
2397728930,b7fcc1f6-686b-41a065,3/3/2020,pass-login
2397728931,b7fcc1f6-686b-41a066,3/3/2020,otp-login
2397728932,b7fcc1f6-686b-41a067,3/3/2020,mobile-otp
2397728933,b7fcc1f6-686b-41a068,3/3/2020,default
2397728934,b7fcc1f6-686b-41a069,3/3/2020,pass-login
2397728935,b7fcc1f6-686b-41a070,3/3/2020,otp-login
2397728936,b7fcc1f6-686b-41a071,3/3/2020,mobile-otp
2397728937,b7fcc1f6-686b-41a072,3/3/2020,default
2397728938,b7fcc1f6-686b-41a073,3/3/2020,pass-login
2397728939,b7fcc1f6-686b-41a074,3/3/2020,otp-login
2397728940,b7fcc1f6-686b-41a075,3/3/2020,mobile-otp
2397728941,b7fcc1f6-686b-41a076,3/3/2020,default
2397728942,b7fcc1f6-686b-41a077,3/3/2020,pass-login
2397728943,b7fcc1f6-686b-41a078,3/3/2020,otp-login
2397728944,b7fcc1f6-686b-41a079,3/3/2020,mobile-otp
2397728945,b7fcc1f6-686b-41a080,3/3/2020,default
2397728946,b7fcc1f6-686b-41a081,3/3/2020,pass-login
2397728947,b7fcc1f6-686b-41a082,3/3/2020,otp-login
2397728948,b7fcc1f6-686b-41a083,3/3/2020,mobile-otp
2397728949,b7fcc1f6-686b-41a084,3/3/2020,default
2397728950,b7fcc1f6-686b-41a085,3/3/2020,pass-login
2397728951,b7fcc1f6-686b-41a086,3/3/2020,pass-login
2397728952,b7fcc1f6-686b-41a087,3/3/2020,pass-login
2397728953,b7fcc1f6-686b-41a088,3/3/2020,pass-login
2397728954,b7fcc1f6-686b-41a089,3/3/2020,pass-login
2397728955,b7fcc1f6-686b-41a090,3/3/2020,pass-login
2397728956,b7fcc1f6-686b-41a091,3/3/2020,pass-login
2397728957,b7fcc1f6-686b-41a092,3/3/2020,otp-login
2397728958,b7fcc1f6-686b-41a093,3/3/2020,otp-login
2397728959,b7fcc1f6-686b-41a094,3/3/2020,otp-login
2397728960,b7fcc1f6-686b-41a095,3/3/2020,otp-login
2397728961,b7fcc1f6-686b-41a096,3/3/2020,otp-login
2397728962,b7fcc1f6-686b-41a097,3/3/2020,mobile-otp
2397728963,b7fcc1f6-686b-41a098,3/3/2020,mobile-otp
2397728964,b7fcc1f6-686b-41a099,3/3/2020,mobile-otp
2397728965,b7fcc1f6-686b-41a100,3/3/2020,mobile-otp
2397728966,b7fcc1f6-686b-41a101,3/3/2020,mobile-otp
2397728967,b7fcc1f6-686b-41a102,3/3/2020,default
2397728968,b7fcc1f6-686b-41a103,3/3/2020,default
2397728969,b7fcc1f6-686b-41a104,3/3/2020,otp-login
2397728970,b7fcc1f6-686b-41a105,3/3/2020,mobile-otp
2397728971,b7fcc1f6-686b-41a106,3/3/2020,default
2397728972,b7fcc1f6-686b-41a107,3/3/2020,pass-login
2397728973,b7fcc1f6-686b-41a108,3/3/2020,otp-login
2397728974,b7fcc1f6-686b-41a109,3/3/2020,mobile-otp
2397728975,b7fcc1f6-686b-41a110,3/3/2020,default
2397728976,b7fcc1f6-686b-41a111,3/3/2020,pass-login
2397728977,b7fcc1f6-686b-41a112,3/3/2020,otp-login
2397728978,b7fcc1f6-686b-41a113,3/3/2020,mobile-otp
2397728979,b7fcc1f6-686b-41a114,3/3/2020,default
2397728980,b7fcc1f6-686b-41a115,3/3/2020,pass-login
2397728981,b7fcc1f6-686b-41a116,3/3/2020,otp-login
2397728982,b7fcc1f6-686b-41a117,3/3/2020,mobile-otp
2397728983,b7fcc1f6-686b-41a118,3/3/2020,default
2397728984,b7fcc1f6-686b-41a119,3/3/2020,pass-login
2397728985,b7fcc1f6-686b-41a120,3/3/2020,otp-login
2397728986,b7fcc1f6-686b-41a121,3/3/2020,mobile-otp
2397728987,b7fcc1f6-686b-41a122,3/3/2020,default
2397728988,b7fcc1f6-686b-41a123,3/3/2020,pass-login
2397728989,b7fcc1f6-686b-41a124,3/3/2020,otp-login
2397728990,b7fcc1f6-686b-41a125,3/3/2020,mobile-otp
2397728991,b7fcc1f6-686b-41a126,3/3/2020,default
2397728992,b7fcc1f6-686b-41a127,3/3/2020,pass-login
2397728993,b7fcc1f6-686b-41a128,3/3/2020,otp-login
2397728994,b7fcc1f6-686b-41a129,3/3/2020,mobile-otp
2397728995,b7fcc1f6-686b-41a130,3/3/2020,default
2397728996,b7fcc1f6-686b-41a131,3/3/2020,pass-login
2397728997,b7fcc1f6-686b-41a132,3/3/2020,pass-login
2397728998,b7fcc1f6-686b-41a133,3/4/2020,pass-login
2397728999,b7fcc1f6-686b-41a134,3/4/2020,pass-login
2397729000,b7fcc1f6-686b-41a135,3/4/2020,pass-login
2397729001,b7fcc1f6-686b-41a136,3/4/2020,pass-login
2397729002,b7fcc1f6-686b-41a137,3/4/2020,pass-login
2397729003,b7fcc1f6-686b-41a138,3/4/2020,otp-login
2397729004,b7fcc1f6-686b-41a139,3/4/2020,otp-login
2397729005,b7fcc1f6-686b-41a140,3/4/2020,otp-login
2397729006,b7fcc1f6-686b-41a141,3/4/2020,otp-login
2397729007,b7fcc1f6-686b-41a142,3/4/2020,otp-login
2397729008,b7fcc1f6-686b-41a143,3/4/2020,mobile-otp
2397729009,b7fcc1f6-686b-41a144,3/4/2020,mobile-otp
2397729010,b7fcc1f6-686b-41a145,3/4/2020,mobile-otp
2397729011,b7fcc1f6-686b-41a146,3/4/2020,mobile-otp
2397729012,b7fcc1f6-686b-41a147,3/4/2020,mobile-otp
2397729013,b7fcc1f6-686b-41a148,3/4/2020,default
2397729014,b7fcc1f6-686b-41a149,3/4/2020,default
2397729015,b7fcc1f6-686b-41a150,3/4/2020,otp-login
2397729016,b7fcc1f6-686b-41a151,3/4/2020,mobile-otp
2397729017,b7fcc1f6-686b-41a152,3/4/2020,default
2397729018,b7fcc1f6-686b-41a153,3/4/2020,pass-login
2397729019,b7fcc1f6-686b-41a154,3/4/2020,otp-login
2397729020,b7fcc1f6-686b-41a155,3/4/2020,mobile-otp
2397729021,b7fcc1f6-686b-41a156,3/4/2020,default
2397729022,b7fcc1f6-686b-41a157,3/4/2020,pass-login
2397729023,b7fcc1f6-686b-41a158,3/4/2020,otp-login
2397729024,b7fcc1f6-686b-41a159,3/4/2020,mobile-otp
2397729025,b7fcc1f6-686b-41a160,3/4/2020,default
2397729026,b7fcc1f6-686b-41a161,3/4/2020,pass-login
2397729027,b7fcc1f6-686b-41a162,3/4/2020,otp-login
2397729028,b7fcc1f6-686b-41a163,3/4/2020,mobile-otp
2397729029,b7fcc1f6-686b-41a164,3/4/2020,default
2397729030,b7fcc1f6-686b-41a165,3/4/2020,pass-login
2397729031,b7fcc1f6-686b-41a166,3/4/2020,otp-login
2397729032,b7fcc1f6-686b-41a167,3/4/2020,mobile-otp
2397729033,b7fcc1f6-686b-41a168,3/4/2020,default
2397729034,b7fcc1f6-686b-41a169,3/4/2020,pass-login
2397729035,b7fcc1f6-686b-41a170,3/4/2020,otp-login
2397729036,b7fcc1f6-686b-41a171,3/4/2020,mobile-otp
2397729037,b7fcc1f6-686b-41a172,3/4/2020,default
2397729038,b7fcc1f6-686b-41a173,3/4/2020,pass-login
2397729039,b7fcc1f6-686b-41a174,3/4/2020,otp-login
2397729040,b7fcc1f6-686b-41a175,3/4/2020,mobile-otp
2397729041,b7fcc1f6-686b-41a176,3/4/2020,default
2397729042,b7fcc1f6-686b-41a177,3/4/2020,pass-login
2397729043,b7fcc1f6-686b-41a178,3/4/2020,pass-login
2397729044,b7fcc1f6-686b-41a179,3/4/2020,pass-login
2397729045,b7fcc1f6-686b-41a180,3/4/2020,pass-login
2397729046,b7fcc1f6-686b-41a181,3/4/2020,pass-login
2397729047,b7fcc1f6-686b-41a182,3/4/2020,pass-login
2397729048,b7fcc1f6-686b-41a183,3/4/2020,pass-login
2397729049,b7fcc1f6-686b-41a184,3/4/2020,otp-login
2397729050,b7fcc1f6-686b-41a185,3/4/2020,otp-login
2397729051,b7fcc1f6-686b-41a186,3/4/2020,otp-login
2397729052,b7fcc1f6-686b-41a187,3/4/2020,otp-login
2397729053,b7fcc1f6-686b-41a188,3/4/2020,otp-login
2397729054,b7fcc1f6-686b-41a189,3/4/2020,mobile-otp
2397729055,b7fcc1f6-686b-41a190,3/4/2020,mobile-otp
2397729056,b7fcc1f6-686b-41a191,3/4/2020,mobile-otp
2397729057,b7fcc1f6-686b-41a192,3/4/2020,mobile-otp
2397729058,b7fcc1f6-686b-41a193,3/4/2020,mobile-otp
2397729059,b7fcc1f6-686b-41a194,3/4/2020,default
2397729060,b7fcc1f6-686b-41a195,3/4/2020,default
2397729061,b7fcc1f6-686b-41a196,3/4/2020,mobile-otp
2397729062,b7fcc1f6-686b-41a197,3/4/2020,mobile-otp
2397729063,b7fcc1f6-686b-41a198,3/4/2020,mobile-otp
2397729064,b7fcc1f6-686b-41a199,3/4/2020,mobile-otp
2397729065,b7fcc1f6-686b-41a200,3/4/2020,mobile-otp
2397729066,b7fcc1f6-686b-41a201,3/4/2020,mobile-otp
2397729067,b7fcc1f6-686b-41a202,3/4/2020,mobile-otp
2397729068,b7fcc1f6-686b-41a203,3/4/2020,mobile-otp
2397729069,b7fcc1f6-686b-41a204,3/4/2020,mobile-otp
2397729070,b7fcc1f6-686b-41a205,3/4/2020,mobile-otp
2397729071,b7fcc1f6-686b-41a206,3/4/2020,mobile-otp
2397729072,b7fcc1f6-686b-41a207,3/4/2020,otp-login
2397729073,b7fcc1f6-686b-41a208,3/4/2020,mobile-otp
2397729074,b7fcc1f6-686b-41a209,3/4/2020,default
2397729075,b7fcc1f6-686b-41a210,3/4/2020,pass-login
2397729076,b7fcc1f6-686b-41a211,3/4/2020,otp-login
2397729077,b7fcc1f6-686b-41a212,3/4/2020,mobile-otp
2397729078,b7fcc1f6-686b-41a213,3/4/2020,default
2397729079,b7fcc1f6-686b-41a214,3/4/2020,pass-login
2397729080,b7fcc1f6-686b-41a215,3/4/2020,otp-login
2397729081,b7fcc1f6-686b-41a216,3/4/2020,mobile-otp
2397729082,b7fcc1f6-686b-41a217,3/4/2020,default
2397729083,b7fcc1f6-686b-41a218,3/4/2020,pass-login
2397729084,b7fcc1f6-686b-41a219,3/4/2020,otp-login
2397729085,b7fcc1f6-686b-41a220,3/4/2020,mobile-otp
2397729086,b7fcc1f6-686b-41a221,3/4/2020,default
2397729087,b7fcc1f6-686b-41a222,3/4/2020,pass-login
2397729088,b7fcc1f6-686b-41a223,3/4/2020,otp-login
2397729089,b7fcc1f6-686b-41a224,3/4/2020,mobile-otp
2397729090,b7fcc1f6-686b-41a225,3/4/2020,default
2397729091,b7fcc1f6-686b-41a226,3/4/2020,pass-login
2397729092,b7fcc1f6-686b-41a227,3/4/2020,pass-login
2397729093,b7fcc1f6-686b-41a228,3/4/2020,pass-login
2397729094,b7fcc1f6-686b-41a229,3/4/2020,pass-login
2397729095,b7fcc1f6-686b-41a230,3/4/2020,pass-login
2397729096,b7fcc1f6-686b-41a231,3/4/2020,pass-login
2397729097,b7fcc1f6-686b-41a232,3/4/2020,pass-login
2397729098,b7fcc1f6-686b-41a233,3/4/2020,pass-login
2397729099,b7fcc1f6-686b-41a234,3/4/2020,pass-login
2397729100,b7fcc1f6-686b-41a235,3/4/2020,mobile-otp
2397729101,b7fcc1f6-686b-41a236,3/4/2020,mobile-otp
2397729102,b7fcc1f6-686b-41a237,3/4/2020,mobile-otp
2397729103,b7fcc1f6-686b-41a238,3/4/2020,mobile-otp
2397729104,b7fcc1f6-686b-41a239,3/4/2020,mobile-otp
2397729105,b7fcc1f6-686b-41a240,3/4/2020,mobile-otp
2397729106,b7fcc1f6-686b-41a241,3/4/2020,otp-login
2397729107,b7fcc1f6-686b-41a242,3/4/2020,mobile-otp
2397729108,b7fcc1f6-686b-41a243,3/4/2020,default
2397729109,b7fcc1f6-686b-41a244,3/4/2020,pass-login
2397729110,b7fcc1f6-686b-41a245,3/4/2020,otp-login
2397729111,b7fcc1f6-686b-41a246,3/4/2020,mobile-otp
2397729112,b7fcc1f6-686b-41a247,3/4/2020,default
2397729113,b7fcc1f6-686b-41a248,3/4/2020,pass-login
2397729114,b7fcc1f6-686b-41a249,3/4/2020,otp-login
2397729115,b7fcc1f6-686b-41a250,3/4/2020,mobile-otp
2397729116,b7fcc1f6-686b-41a251,3/4/2020,default
2397729117,b7fcc1f6-686b-41a252,3/4/2020,pass-login
2397729118,b7fcc1f6-686b-41a253,3/4/2020,otp-login
2397729119,b7fcc1f6-686b-41a254,3/4/2020,mobile-otp
2397729120,b7fcc1f6-686b-41a255,3/4/2020,default
2397729121,b7fcc1f6-686b-41a256,3/4/2020,pass-login
2397729122,b7fcc1f6-686b-41a257,3/4/2020,otp-login
2397729123,b7fcc1f6-686b-41a258,3/4/2020,mobile-otp
2397729124,b7fcc1f6-686b-41a259,3/4/2020,default
2397729125,b7fcc1f6-686b-41a260,3/4/2020,pass-login
2397729126,b7fcc1f6-686b-41a261,3/4/2020,pass-login
2397729127,b7fcc1f6-686b-41a262,3/4/2020,pass-login
2397729128,b7fcc1f6-686b-41a263,3/4/2020,mobile-otp
2397729129,b7fcc1f6-686b-41a264,3/4/2020,mobile-otp
2397729130,b7fcc1f6-686b-41a265,3/4/2020,mobile-otp
2397729131,b7fcc1f6-686b-41a266,3/4/2020,mobile-otp
2397729132,b7fcc1f6-686b-41a267,3/4/2020,mobile-otp
2397729133,b7fcc1f6-686b-41a268,3/4/2020,mobile-otp
2397729134,b7fcc1f6-686b-41a269,3/4/2020,otp-login
2397729135,b7fcc1f6-686b-41a270,3/4/2020,mobile-otp
2397729136,b7fcc1f6-686b-41a271,3/4/2020,default
2397729137,b7fcc1f6-686b-41a272,3/4/2020,pass-login
2397729138,b7fcc1f6-686b-41a273,3/4/2020,otp-login
2397729139,b7fcc1f6-686b-41a274,3/4/2020,mobile-otp
2397729140,b7fcc1f6-686b-41a275,3/4/2020,default
2397729141,b7fcc1f6-686b-41a276,3/4/2020,pass-login
2397729142,b7fcc1f6-686b-41a277,3/4/2020,otp-login
2397729143,b7fcc1f6-686b-41a278,3/4/2020,mobile-otp
2397729144,b7fcc1f6-686b-41a279,3/4/2020,default
2397729145,b7fcc1f6-686b-41a280,3/4/2020,pass-login
2397729146,b7fcc1f6-686b-41a281,3/4/2020,otp-login
2397729147,b7fcc1f6-686b-41a282,3/4/2020,mobile-otp
2397729148,b7fcc1f6-686b-41a283,3/4/2020,default
2397729149,b7fcc1f6-686b-41a284,3/4/2020,pass-login
2397729150,b7fcc1f6-686b-41a285,3/4/2020,otp-login
2397729151,b7fcc1f6-686b-41a286,3/4/2020,mobile-otp
2397729152,b7fcc1f6-686b-41a287,3/4/2020,default
2397729153,b7fcc1f6-686b-41a288,3/4/2020,pass-login
2397729154,b7fcc1f6-686b-41a289,3/4/2020,pass-login
2397729155,b7fcc1f6-686b-41a290,3/4/2020,pass-login
2397729156,b7fcc1f6-686b-41a291,3/4/2020,default
2397729157,b7fcc1f6-686b-41a292,3/4/2020,pass-login
2397729158,b7fcc1f6-686b-41a293,3/4/2020,otp-login
2397729159,b7fcc1f6-686b-41a294,3/4/2020,mobile-otp
2397729160,b7fcc1f6-686b-41a295,3/4/2020,default
2397729161,b7fcc1f6-686b-41a296,3/4/2020,pass-login
2397729162,b7fcc1f6-686b-41a297,3/11/2020,otp-login
2397729163,b7fcc1f6-686b-41a298,3/11/2020,mobile-otp
2397729164,b7fcc1f6-686b-41a299,3/11/2020,default
2397729165,b7fcc1f6-686b-41a300,3/11/2020,pass-login
2397729166,b7fcc1f6-686b-41a301,3/11/2020,otp-login
2397729167,b7fcc1f6-686b-41a302,3/11/2020,mobile-otp
2397729168,b7fcc1f6-686b-41a303,3/11/2020,default
2397729169,b7fcc1f6-686b-41a304,3/11/2020,pass-login
2397729170,b7fcc1f6-686b-41a305,3/11/2020,otp-login
2397729171,b7fcc1f6-686b-41a306,3/11/2020,mobile-otp
2397729172,b7fcc1f6-686b-41a307,3/11/2020,default
2397729173,b7fcc1f6-686b-41a308,3/11/2020,pass-login
2397729174,b7fcc1f6-686b-41a309,3/11/2020,otp-login
2397729175,b7fcc1f6-686b-41a310,3/11/2020,mobile-otp
2397729176,b7fcc1f6-686b-41a311,3/11/2020,default
2397729177,b7fcc1f6-686b-41a312,3/11/2020,pass-login
2397729178,b7fcc1f6-686b-41a313,3/11/2020,otp-login
2397729179,b7fcc1f6-686b-41a314,3/11/2020,mobile-otp
2397729180,b7fcc1f6-686b-41a315,3/11/2020,default
2397729181,b7fcc1f6-686b-41a316,3/11/2020,pass-login
2397729182,b7fcc1f6-686b-41a317,3/11/2020,otp-login
2397729183,b7fcc1f6-686b-41a318,3/11/2020,mobile-otp
2397729184,b7fcc1f6-686b-41a319,3/11/2020,default
2397729185,b7fcc1f6-686b-41a320,3/11/2020,pass-login
2397729186,b7fcc1f6-686b-41a321,3/11/2020,default
2397729187,b7fcc1f6-686b-41a322,3/11/2020,pass-login
2397729188,b7fcc1f6-686b-41a323,3/11/2020,otp-login
2397729189,b7fcc1f6-686b-41a324,3/11/2020,mobile-otp
2397729190,b7fcc1f6-686b-41a325,3/11/2020,default
2397729191,b7fcc1f6-686b-41a326,3/11/2020,pass-login
2397729192,b7fcc1f6-686b-41a327,3/11/2020,otp-login
2397729193,b7fcc1f6-686b-41a328,3/11/2020,mobile-otp
2397729194,b7fcc1f6-686b-41a329,3/11/2020,default
2397729195,b7fcc1f6-686b-41a330,3/11/2020,pass-login
2397729196,b7fcc1f6-686b-41a331,3/11/2020,otp-login
2397729197,b7fcc1f6-686b-41a332,3/12/2020,mobile-otp
2397729198,b7fcc1f6-686b-41a333,3/12/2020,default
2397729199,b7fcc1f6-686b-41a334,3/12/2020,pass-login
2397729200,b7fcc1f6-686b-41a335,3/12/2020,otp-login
2397729201,b7fcc1f6-686b-41a336,3/12/2020,mobile-otp
2397729202,b7fcc1f6-686b-41a337,3/12/2020,default
2397729203,b7fcc1f6-686b-41a338,3/12/2020,pass-login
2397729204,b7fcc1f6-686b-41a339,3/12/2020,otp-login
2397729205,b7fcc1f6-686b-41a340,3/12/2020,mobile-otp
2397729206,b7fcc1f6-686b-41a341,3/12/2020,default
2397729207,b7fcc1f6-686b-41a342,3/12/2020,pass-login
2397729208,b7fcc1f6-686b-41a343,3/12/2020,otp-login
2397729209,b7fcc1f6-686b-41a344,3/12/2020,mobile-otp
2397729210,b7fcc1f6-686b-41a345,3/12/2020,default
2397729211,b7fcc1f6-686b-41a346,3/12/2020,pass-login
2397729212,b7fcc1f6-686b-41a347,3/12/2020,otp-login
2397729213,b7fcc1f6-686b-41a348,3/12/2020,mobile-otp
2397729214,b7fcc1f6-686b-41a349,3/12/2020,default
2397729215,b7fcc1f6-686b-41a350,3/12/2020,pass-login
2397729216,b7fcc1f6-686b-41a351,3/12/2020,pass-login
2397729217,b7fcc1f6-686b-41a352,3/12/2020,pass-login
2397729218,b7fcc1f6-686b-41a353,3/12/2020,pass-login
2397729219,b7fcc1f6-686b-41a354,3/12/2020,pass-login
2397729220,b7fcc1f6-686b-41a355,3/12/2020,pass-login
2397729221,b7fcc1f6-686b-41a356,3/12/2020,pass-login
2397729222,b7fcc1f6-686b-41a357,3/12/2020,pass-login
2397729223,b7fcc1f6-686b-41a358,3/12/2020,mobile-otp
2397729224,b7fcc1f6-686b-41a359,3/12/2020,default
2397729225,b7fcc1f6-686b-41a360,3/12/2020,pass-login
2397729226,b7fcc1f6-686b-41a361,3/12/2020,otp-login
2397729227,b7fcc1f6-686b-41a362,3/12/2020,mobile-otp
2397729228,b7fcc1f6-686b-41a363,3/12/2020,default
2397729229,b7fcc1f6-686b-41a364,3/12/2020,pass-login
2397729230,b7fcc1f6-686b-41a365,3/12/2020,otp-login
2397729231,b7fcc1f6-686b-41a366,3/12/2020,mobile-otp
2397729232,b7fcc1f6-686b-41a367,3/12/2020,default
2397729233,b7fcc1f6-686b-41a368,3/12/2020,pass-login
2397729234,b7fcc1f6-686b-41a369,3/12/2020,default
2397729235,b7fcc1f6-686b-41a370,3/12/2020,pass-login
2397729236,b7fcc1f6-686b-41a371,3/12/2020,otp-login
2397729237,b7fcc1f6-686b-41a372,3/12/2020,mobile-otp
2397729238,b7fcc1f6-686b-41a373,3/12/2020,default
2397729239,b7fcc1f6-686b-41a374,3/12/2020,pass-login
2397729240,b7fcc1f6-686b-41a375,3/12/2020,otp-login
2397729241,b7fcc1f6-686b-41a376,3/12/2020,mobile-otp
2397729242,b7fcc1f6-686b-41a377,3/12/2020,default
2397729243,b7fcc1f6-686b-41a378,3/12/2020,pass-login
2397729244,b7fcc1f6-686b-41a379,3/12/2020,otp-login
2397729245,b7fcc1f6-686b-41a380,3/12/2020,mobile-otp
2397729246,b7fcc1f6-686b-41a381,3/12/2020,default
2397729247,b7fcc1f6-686b-41a382,3/12/2020,pass-login
2397729248,b7fcc1f6-686b-41a383,3/12/2020,otp-login
2397729249,b7fcc1f6-686b-41a384,3/12/2020,mobile-otp
2397729250,b7fcc1f6-686b-41a385,3/12/2020,default
2397729251,b7fcc1f6-686b-41a386,3/12/2020,pass-login
2397729252,b7fcc1f6-686b-41a387,3/12/2020,otp-login
2397729253,b7fcc1f6-686b-41a388,3/12/2020,mobile-otp
2397729254,b7fcc1f6-686b-41a389,3/12/2020,default
2397729255,b7fcc1f6-686b-41a390,3/12/2020,pass-login
2397729256,b7fcc1f6-686b-41a391,3/12/2020,otp-login
2397729257,b7fcc1f6-686b-41a392,3/12/2020,mobile-otp
2397729258,b7fcc1f6-686b-41a393,3/12/2020,default
2397729259,b7fcc1f6-686b-41a394,3/12/2020,pass-login
2397729260,b7fcc1f6-686b-41a395,3/12/2020,otp-login
2397729261,b7fcc1f6-686b-41a396,3/12/2020,mobile-otp
2397729262,b7fcc1f6-686b-41a397,3/12/2020,default
2397729263,b7fcc1f6-686b-41a398,3/12/2020,pass-login
2397729264,b7fcc1f6-686b-41a399,3/12/2020,mobile-otp
2397729265,b7fcc1f6-686b-41a400,3/12/2020,mobile-otp
2397729266,b7fcc1f6-686b-41a401,3/12/2020,mobile-otp
2397729267,b7fcc1f6-686b-41a402,3/12/2020,mobile-otp
2397729268,b7fcc1f6-686b-41a403,3/12/2020,mobile-otp
2397729269,b7fcc1f6-686b-41a404,3/12/2020,otp-login
2397729270,b7fcc1f6-686b-41a405,3/12/2020,otp-login
2397729271,b7fcc1f6-686b-41a406,3/12/2020,otp-login
2397729272,b7fcc1f6-686b-41a407,3/12/2020,otp-login
2397729273,b7fcc1f6-686b-41a408,3/12/2020,otp-login
2397729274,b7fcc1f6-686b-41a409,3/12/2020,otp-login
2397729275,b7fcc1f6-686b-41a410,3/12/2020,otp-login
2397729276,b7fcc1f6-686b-41a411,3/12/2020,otp-login
2397729277,b7fcc1f6-686b-41a412,3/12/2020,otp-login
2397729278,b7fcc1f6-686b-41a413,3/12/2020,otp-login
2397729279,b7fcc1f6-686b-41a414,3/12/2020,otp-login
2397729280,b7fcc1f6-686b-41a415,3/12/2020,otp-login
2397729281,b7fcc1f6-686b-41a416,3/12/2020,pass-login
2397729282,b7fcc1f6-686b-41a417,3/12/2020,otp-login
2397729283,b7fcc1f6-686b-41a418,3/12/2020,mobile-otp
2397729284,b7fcc1f6-686b-41a419,3/12/2020,default
2397729285,b7fcc1f6-686b-41a420,3/12/2020,pass-login
2397729286,b7fcc1f6-686b-41a421,3/12/2020,otp-login
2397729287,b7fcc1f6-686b-41a422,3/12/2020,mobile-otp
2397729288,b7fcc1f6-686b-41a423,3/12/2020,default
2397729289,b7fcc1f6-686b-41a424,3/12/2020,pass-login
2397729290,b7fcc1f6-686b-41a425,3/12/2020,otp-login
2397729291,b7fcc1f6-686b-41a426,3/13/2020,mobile-otp
2397729292,b7fcc1f6-686b-41a427,3/13/2020,default
2397729293,b7fcc1f6-686b-41a428,3/13/2020,pass-login
2397729294,b7fcc1f6-686b-41a429,3/13/2020,otp-login
2397729295,b7fcc1f6-686b-41a430,3/13/2020,pass-login
2397729296,b7fcc1f6-686b-41a431,3/13/2020,otp-login
2397729297,b7fcc1f6-686b-41a432,3/13/2020,mobile-otp
2397729298,b7fcc1f6-686b-41a433,3/14/2020,default
2397729299,b7fcc1f6-686b-41a434,3/14/2020,pass-login
2397729300,b7fcc1f6-686b-41a435,3/14/2020,otp-login
2397729301,b7fcc1f6-686b-41a436,3/14/2020,mobile-otp
2397729302,b7fcc1f6-686b-41a437,3/14/2020,default
2397729303,b7fcc1f6-686b-41a438,3/14/2020,pass-login
2397729304,b7fcc1f6-686b-41a439,3/14/2020,otp-login
2397729305,b7fcc1f6-686b-41a440,3/14/2020,mobile-otp
2397729306,b7fcc1f6-686b-41a441,3/14/2020,default
2397729307,b7fcc1f6-686b-41a442,3/14/2020,pass-login
2397729308,b7fcc1f6-686b-41a443,3/14/2020,otp-login
2397729309,b7fcc1f6-686b-41a444,3/14/2020,pass-login
2397729310,b7fcc1f6-686b-41a445,3/14/2020,otp-login
2397729311,b7fcc1f6-686b-41a446,3/14/2020,mobile-otp
2397729312,b7fcc1f6-686b-41a447,3/14/2020,default
2397729313,b7fcc1f6-686b-41a448,3/14/2020,pass-login
2397729314,b7fcc1f6-686b-41a449,3/14/2020,otp-login
2397729315,b7fcc1f6-686b-41a450,3/14/2020,mobile-otp
2397729316,b7fcc1f6-686b-41a451,3/14/2020,default
2397729317,b7fcc1f6-686b-41a452,3/14/2020,pass-login
2397729318,b7fcc1f6-686b-41a453,3/14/2020,otp-login
2397729319,b7fcc1f6-686b-41a454,3/14/2020,mobile-otp
2397729320,b7fcc1f6-686b-41a455,3/14/2020,default
2397729321,b7fcc1f6-686b-41a456,3/14/2020,pass-login
2397729322,b7fcc1f6-686b-41a457,3/14/2020,otp-login
2397729323,b7fcc1f6-686b-41a458,3/14/2020,pass-login
2397729324,b7fcc1f6-686b-41a459,3/14/2020,pass-login
2397729325,b7fcc1f6-686b-41a460,3/14/2020,mobile-otp
2397729326,b7fcc1f6-686b-41a461,3/14/2020,otp-login